method,loadstep,lambda_smooth,blend,u_rmse,F_rmse,J_rmse,I1_rmse,I2_rmse,I3_rmse,J_min,J_nonpositive_count,mean_F_rmse
mesh-laplacian,10,0.0,0.25,3.1339560339829026e-19,6.395289959455758e-17,9.476275508031897e-17,1.997052540057967e-16,3.9041339401382723e-16,1.900973315908798e-16,0.965999797893833,0,1.9162828116777913e-16
mesh-laplacian,20,0.0,0.25,6.651410700842223e-19,1.4823458394063332e-16,2.0037257195553924e-16,4.47001301444951e-16,8.665880349236871e-16,4.199891133943012e-16,0.9494614389882691,0,1.9162828116777913e-16
mesh-laplacian,30,0.0,0.25,8.400780227012822e-19,1.5115077742115768e-16,2.2670955482792767e-16,5.106967284721029e-16,9.845551113014687e-16,4.759365087330582e-16,0.9438326054472757,0,1.9162828116777913e-16
mesh-laplacian,40,0.0,0.25,1.081609414234235e-18,2.0360298460623547e-16,3.1708254506395956e-16,7.690293533098917e-16,1.4669837399789214e-15,6.987256048762049e-16,0.9359047134064776,0,1.9162828116777913e-16
mesh-laplacian,50,0.0,0.25,1.1906127279110701e-18,2.6666443270331294e-16,3.365953872487536e-16,8.588369549721771e-16,1.614903054108248e-15,7.553785449085637e-16,0.9255560911311987,0,1.9162828116777913e-16
mesh-laplacian,60,0.0,0.25,1.484729998380488e-18,3.1616400874077764e-16,4.482304280909147e-16,1.1366790167296674e-15,2.153627378637211e-15,1.0191410897942341e-15,0.9078486563598229,0,1.9162828116777913e-16
mesh-laplacian,10,0.0,0.5,3.688990516899961e-19,7.592336982138457e-17,1.0489772033198451e-16,2.200579926823265e-16,4.32706249848816e-16,2.1267757591322653e-16,0.965999797893833,0,2.299492253639551e-16
mesh-laplacian,20,0.0,0.5,7.503873692024917e-19,1.5371410118479104e-16,2.2950975968158e-16,5.157141657332817e-16,9.94419770151133e-16,4.811790421657568e-16,0.9494614389882693,0,2.299492253639551e-16
mesh-laplacian,30,0.0,0.5,1.0109288983659835e-18,1.8532983485900674e-16,2.6647506276701605e-16,6.131447752433449e-16,1.1788336385858047e-15,5.708277030944946e-16,0.9438326054472757,0,2.299492253639551e-16
mesh-laplacian,40,0.0,0.5,1.2798892731083878e-18,2.606541884176428e-16,3.9611093791879947e-16,9.619327831044977e-16,1.8511171000531177e-15,8.879339796788757e-16,0.9359047134064776,0,2.299492253639551e-16
mesh-laplacian,50,0.0,0.5,1.509872771233722e-18,3.130050393985475e-16,4.0215911700241274e-16,1.0400046837219567e-15,1.9404776398274564e-15,9.020822252836474e-16,0.9255560911311996,0,2.299492253639551e-16
mesh-laplacian,60,0.0,0.5,1.8757274687718518e-18,3.9106881850235785e-16,5.745050472251588e-16,1.4960458836215861e-15,2.81968226755311e-15,1.327415614831945e-15,0.9078486563598229,0,2.299492253639551e-16
mesh-laplacian,10,0.0,0.75,4.2984799737293577e-19,8.470013089943898e-17,1.2430748943450474e-16,2.688103795698285e-16,5.2825708988226e-16,2.5648907966106135e-16,0.965999797893833,0,2.5870218491493983e-16
mesh-laplacian,20,0.0,0.75,8.075893072594021e-19,1.7115701638290916e-16,2.651279996869643e-16,5.967120782549438e-16,1.148175916765588e-15,5.567833190534865e-16,0.9494614389882693,0,2.5870218491493983e-16
mesh-laplacian,30,0.0,0.75,1.1420661375184482e-18,2.1092043601631137e-16,3.071781299293697e-16,7.052585170114829e-16,1.3589984106050481e-15,6.573882735858464e-16,0.9438326054472757,0,2.5870218491493983e-16
mesh-laplacian,40,0.0,0.75,1.3880704608866779e-18,2.8953193923244474e-16,4.453599904136864e-16,1.066312164265184e-15,2.0623727854774923e-15,9.99365519008283e-16,0.9359047134064776,0,2.5870218491493983e-16
mesh-laplacian,50,0.0,0.75,1.785271029480399e-18,3.6784960325593235e-16,5.056171679706734e-16,1.3195313301281395e-15,2.4528151148707573e-15,1.1469496183547196e-15,0.9255560911311996,0,2.5870218491493983e-16
mesh-laplacian,60,0.0,0.75,2.1282152686094023e-18,4.2805398370260223e-16,6.2849767160589665e-16,1.6188042689324702e-15,3.0710062909415935e-15,1.4693782954330972e-15,0.9078486563598229,0,2.5870218491493983e-16
mesh-laplacian,10,0.0,1.0,5.293427526110914e-19,1.0063830398290711e-16,1.441594731296626e-16,3.0753126667580903e-16,6.032991647862441e-16,2.9285690909182e-16,0.965999797893833,0,3.210704090808599e-16
mesh-laplacian,20,0.0,1.0,1.019964123595751e-18,2.1336732854110206e-16,3.192509175107245e-16,7.147888998205028e-16,1.3803053306087247e-15,6.712142008200756e-16,0.9494614389882691,0,3.210704090808599e-16
mesh-laplacian,30,0.0,1.0,1.4085339338417802e-18,2.722875924865012e-16,3.8665013077046413e-16,8.866038334452679e-16,1.7011390161626311e-15,8.232755448654023e-16,0.9438326054472757,0,3.210704090808599e-16
mesh-laplacian,40,0.0,1.0,1.747005224140383e-18,3.5813287378270315e-16,5.602300000143309e-16,1.35057070632035e-15,2.59157410711709e-15,1.2461701971618706e-15,0.9359047134064776,0,3.210704090808599e-16
mesh-laplacian,50,0.0,1.0,2.2027604783273058e-18,4.569243192276833e-16,6.445575490978042e-16,1.6812510805854678e-15,3.126034917854639e-15,1.4575621947831297e-15,0.9255560911311996,0,3.210704090808599e-16
mesh-laplacian,60,0.0,1.0,2.6337923315566575e-18,5.250720364642622e-16,7.519337581195654e-16,1.9075692742033926e-15,3.63448865669083e-15,1.7421204443000647e-15,0.9078486563598229,0,3.210704090808599e-16
mesh-laplacian,10,1e-06,0.25,5.2052459052804356e-11,1.4191769172628056e-08,1.4595387588456121e-08,2.948395576773527e-08,5.9430840122362525e-08,2.9999104255053124e-08,0.9659998492073426,0,3.7472034085526416e-08
mesh-laplacian,20,1e-06,0.25,9.039707027487015e-11,2.4246025305160708e-08,2.5835406875207364e-08,5.2670737081666954e-08,1.0699465437935075e-07,5.4635179873254784e-08,0.9494614988604207,0,3.7472034085526416e-08
mesh-laplacian,30,1e-06,0.25,1.2619840451906126e-10,3.3387984964625846e-08,3.6295204683028695e-08,7.464906948473899e-08,1.5234696177466608e-07,7.86647468224501e-08,0.943832636743386,0,3.7472034085526416e-08
mesh-laplacian,40,1e-06,0.25,1.6076443592570543e-10,4.2273049572159695e-08,4.639136645896451e-08,9.763663153795714e-08,1.9863047404116397e-07,1.0337322230222307e-07,0.9359047398255795,0,3.7472034085526416e-08
mesh-laplacian,50,1e-06,0.25,1.93429707109808e-10,5.119525187438332e-08,5.765073500905656e-08,1.233994447376126e-07,2.5098233097808575e-07,1.32390024476353e-07,0.9255561752858431,0,3.7472034085526416e-08
mesh-laplacian,60,1e-06,0.25,2.2376300112281306e-10,5.953812362420085e-08,6.790915879804062e-08,1.5383557411303376e-07,3.0673440353434314e-07,1.614434568214668e-07,0.9078487674249586,0,3.7472034085526416e-08
mesh-laplacian,10,1e-06,0.5,1.0410491813960203e-10,2.8383538346584583e-08,2.9190775409797787e-08,5.896791264638622e-08,1.1886168269859707e-07,5.999820937069467e-08,0.9659999005208523,0,7.494406822043198e-08
mesh-laplacian,20,1e-06,0.5,1.8079414060161072e-10,4.849205066935309e-08,5.167081452488347e-08,1.0534147760624563e-07,2.1398931896971247e-07,1.0927036439100415e-07,0.9494615587325663,0,7.494406822043198e-08
mesh-laplacian,30,1e-06,0.5,2.5239680904598404e-10,6.677596993421742e-08,7.259041077191647e-08,1.4929814255193144e-07,3.0469394399177703e-07,1.5732950458795158e-07,0.9438326680394827,0,7.494406822043198e-08
mesh-laplacian,40,1e-06,0.5,3.2152887186669115e-10,8.454609919495376e-08,9.278273554881817e-08,1.9527326186369752e-07,3.972609828404405e-07,2.0674646704875515e-07,0.9359047662446583,0,7.494406822043198e-08
mesh-laplacian,50,1e-06,0.5,3.8685941430384674e-10,1.0239050389164168e-07,1.153014742591041e-07,2.4679888186354446e-07,5.019647218381537e-07,2.6478009024551555e-07,0.925556259440487,0,7.494406822043198e-08
mesh-laplacian,60,1e-06,0.5,4.4752600238286237e-10,1.1907624728584136e-07,1.3581832358292716e-07,3.076711064820679e-07,6.134688708526305e-07,3.228869740234581e-07,0.9078488784900942,0,7.494406822043198e-08
mesh-laplacian,10,1e-06,0.75,1.5615737720523595e-10,4.2575307526486025e-08,4.378616341836816e-08,8.845187051737391e-08,1.782925274697833e-07,8.999731523565711e-08,0.9659999518343622,0,1.124161023131767e-07
mesh-laplacian,20,1e-06,0.75,2.7119121088891717e-10,7.273807599380157e-08,7.750622283814566e-08,1.580122213452563e-07,3.209839933249392e-07,1.639055533305003e-07,0.9494616186047061,0,1.124161023131767e-07
mesh-laplacian,30,1e-06,0.75,3.7859521347543804e-10,1.0016395486936596e-07,1.0888561820572655e-07,2.239472190720127e-07,4.5704094636859243e-07,2.3599427312943915e-07,0.9438326993355646,0,1.124161023131767e-07
mesh-laplacian,40,1e-06,0.75,4.822933076790013e-10,1.2681914864901943e-07,1.3917410701653648e-07,2.929098906082842e-07,5.958915254709708e-07,3.101197336901468e-07,0.935904792663714,0,1.124161023131767e-07
mesh-laplacian,50,1e-06,0.75,5.802891214782208e-10,1.53585755819019e-07,1.7295221728125223e-07,3.701983103198993e-07,7.529471703048549e-07,3.971701961441847e-07,0.9255563435951311,0,1.124161023131767e-07
mesh-laplacian,60,1e-06,0.75,6.71289003558362e-10,1.786143710213682e-07,2.0372749443490316e-07,4.615065968310923e-07,9.202034016963219e-07,4.843305516460636e-07,0.9078489895552275,0,1.124161023131767e-07
mesh-laplacian,10,1e-06,1.0,2.0820983625306795e-10,5.6767076706658954e-08,5.838155165491141e-08,1.1793582946987797e-07,2.377233746417894e-07,1.1999642194385e-07,0.9660000031478722,0,1.4988813641452997e-07
mesh-laplacian,20,1e-06,1.0,3.615882811863803e-10,9.698410133668945e-08,1.0334163183910048e-07,2.1068296830040958e-07,4.279786774620252e-07,2.1854074670915645e-07,0.9494616784768395,0,1.4988813641452997e-07
mesh-laplacian,30,1e-06,1.0,5.047936180011337e-10,1.3355193984542662e-07,1.4518082708364868e-07,2.985962992315697e-07,6.093879693404577e-07,3.1465905270094283e-07,0.9438327306316324,0,1.4988813641452997e-07
mesh-laplacian,40,1e-06,1.0,6.430577435924711e-10,1.690921982008116e-07,1.8556548111387686e-07,3.905465183127534e-07,7.945221030703639e-07,4.1349302282543465e-07,0.9359048190827456,0,1.4988813641452997e-07
mesh-laplacian,50,1e-06,1.0,7.737188286226737e-10,2.0478100770331383e-07,2.30602964346902e-07,4.935977308076779e-07,1.0039296778528703e-06,5.295603429207741e-07,0.9255564277497743,0,1.4988813641452997e-07
mesh-laplacian,60,1e-06,1.0,8.950520047846193e-10,2.3815249469427936e-07,2.716366712356312e-07,6.153420448735794e-07,1.2269379956435036e-06,6.457741894592389e-07,0.9078491006203626,0,1.4988813641452997e-07
mesh-laplacian,10,1e-05,0.25,5.204529464366305e-10,1.41891236044873e-07,1.4592291922890105e-07,2.9477673176192265e-07,5.941818590079844e-07,2.9992722381502495e-07,0.9660003109369589,0,3.7465039926638143e-07
mesh-laplacian,20,1e-05,0.25,9.038484839491519e-10,2.424151974632225e-07,2.5829867201937924e-07,5.265937102239389e-07,1.0697156981129795e-06,5.462340971614531e-07,0.9494620375724948,0,3.7465039926638143e-07
mesh-laplacian,30,1e-05,0.25,1.2618152154744716e-09,3.3381801998036315e-07,3.6287387683907465e-07,7.463286630558817e-07,1.5231385996130416e-06,7.864769827227618e-07,0.9438329182894774,0,3.7465039926638143e-07
mesh-laplacian,40,1e-05,0.25,1.6074292648120543e-09,4.2265216764880253e-07,4.638134335828563e-07,9.761533491761815e-07,1.985870262228839e-06,1.0335072505126845e-06,0.9359049774513464,0,3.7465039926638143e-07
mesh-laplacian,50,1e-05,0.25,1.9340356438772107e-09,5.118568706424347e-07,5.763819371180662e-07,1.2337236106173655e-06,2.50926892100583e-06,1.3236100493645397e-06,0.9255569325778452,0,3.7465039926638143e-07
mesh-laplacian,60,1e-05,0.25,2.237323567634107e-09,5.952689038185927e-07,6.789431714707646e-07,1.5380174023205183e-06,3.0666610721177994e-06,1.6140785463763194e-06,0.9078497668805158,0,3.7465039926638143e-07
mesh-laplacian,10,1e-05,0.5,1.0409058928727436e-09,2.8378247207042405e-07,2.918458593310639e-07,5.895535681050707e-07,1.1883639495501415e-06,5.998545278851918e-07,0.9660008239800976,0,7.493007985478078e-07
mesh-laplacian,20,1e-05,0.5,1.807696967944558e-09,4.848303949906063e-07,5.16597413907557e-07,1.05318774805091e-06,2.139432384159237e-06,1.0924686424078164e-06,0.9494626361561076,0,7.493007985478078e-07
mesh-laplacian,30,1e-05,0.5,2.5236304309596643e-09,6.676360399137862e-07,7.257478916344185e-07,1.4926576789822596e-06,3.0462792314396983e-06,1.5729550525077264e-06,0.9438332311302612,0,7.493007985478078e-07
mesh-laplacian,40,1e-05,0.5,3.2148585295179006e-09,8.4530433520447e-07,9.276271227891097e-07,1.952306574316572e-06,3.97174398130011e-06,2.067016730543084e-06,0.9359052414938664,0,7.493007985478078e-07
mesh-laplacian,50,1e-05,0.5,3.868071287846183e-09,1.023713741331153e-06,1.1527642721678008e-06,2.4674464042109134e-06,5.018543707600666e-06,2.6472241650697597e-06,0.9255577740244432,0,7.493007985478078e-07
mesh-laplacian,60,1e-05,0.5,4.474647135280084e-09,1.1905378077764066e-06,1.3578869416007218e-06,3.076030599573174e-06,6.133328481404769e-06,3.2281631202754694e-06,0.9078508774011861,0,7.493007985478078e-07
mesh-laplacian,10,1e-05,0.75,1.5613588393047171e-09,4.256737081142536e-07,4.377688203449497e-07,8.843305091143636e-07,1.782546271788989e-06,8.997819123065432e-07,0.966001337023249,0,1.1239511978772778e-06
mesh-laplacian,20,1e-05,0.75,2.711545451980194e-09,7.27245592524592e-07,7.748962256808738e-07,1.5797821135552673e-06,3.209150058244853e-06,1.63870363578296e-06,0.9494632347391072,0,1.1239511978772778e-06
mesh-laplacian,30,1e-05,0.75,3.785445646500295e-09,1.0014540599384479e-06,1.088622044546082e-06,2.2389870482121463e-06,4.569421896240992e-06,2.3594342097007903e-06,0.9438335439696272,0,1.1239511978772778e-06
mesh-laplacian,40,1e-05,0.75,4.822287794490429e-09,1.267956502912836e-06,1.3914410680890776e-06,2.9284596765475406e-06,5.9576211593413235e-06,3.100528441175213e-06,0.9359055055340358,0,1.1239511978772778e-06
mesh-laplacian,50,1e-05,0.75,5.802106931916427e-09,1.53557061213674e-06,1.729147005103267e-06,3.7011683811122715e-06,7.527824359974416e-06,3.970842347061232e-06,0.9255586154709939,0,1.1239511978772778e-06
mesh-laplacian,60,1e-05,0.75,6.711970702880503e-09,1.7858067116367983e-06,2.0368313101435352e-06,4.614039591250853e-06,9.20000222676058e-06,4.842253721132441e-06,0.9078519879218319,0,1.1239511978772778e-06
mesh-laplacian,10,1e-05,1.0,2.081811785753164e-09,5.675649441437543e-07,5.836918022412394e-07,1.1791075547265005e-06,2.3767288255887115e-06,1.1997093769980683e-06,0.9660018500664135,0,1.4986015971482955e-06
mesh-laplacian,20,1e-05,1.0,3.6153939359665214e-09,9.696607900053055e-07,1.0331951071806364e-06,2.1063768064232422e-06,4.278868719694161e-06,2.1849390769395767e-06,0.9494638333214935,0,1.4986015971482955e-06
mesh-laplacian,30,1e-05,1.0,5.0472608619835385e-09,1.335272079922446e-06,1.4514963354003704e-06,2.985316770365433e-06,6.092566593266076e-06,3.1459144539326557e-06,0.9438338568075749,0,1.4986015971482955e-06
mesh-laplacian,40,1e-05,1.0,6.4297170593448905e-09,1.690608670492546e-06,1.8552552690350452e-06,3.904612655000336e-06,7.943501794448204e-06,4.134042381373098e-06,0.9359057695718556,0,1.4986015971482955e-06
mesh-laplacian,50,1e-05,1.0,7.736142575786345e-09,2.0474274827505636e-06,2.3055301356056704e-06,4.934889540676075e-06,1.0037110876562689e-05,5.294464594508905e-06,0.9255594569174922,0,1.4986015971482955e-06
mesh-laplacian,60,1e-05,1.0,8.949294270574572e-09,2.3810756155751588e-06,2.7157762774421196e-06,6.152044378729344e-06,1.2266682310204294e-05,6.4563503496795524e-06,0.9078530984424573,0,1.4986015971482955e-06
mesh-laplacian,10,0.0001,0.25,5.197379896771385e-09,1.4162730189070228e-06,1.4561414673381039e-06,2.9415009075903952e-06,5.929196917335845e-06,2.992906764247442e-06,0.9660049191486095,0,3.7395262850897477e-06
mesh-laplacian,20,0.0001,0.25,9.026288201035399e-09,2.419656976029115e-06,2.5774613050765197e-06,5.254600435027142e-06,1.0674132042991543e-05,5.450601170829455e-06,0.9494674111370955,0,3.7395262850897477e-06
mesh-laplacian,30,0.0001,0.25,1.2601303949518525e-08,3.3320117149131625e-06,3.6209419151951835e-06,7.447125443322294e-06,1.519836990963059e-05,7.847765319866514e-06,0.9438357220165513,0,3.7395262850897477e-06
mesh-laplacian,40,0.0001,0.25,1.605282754180125e-08,4.21870725407303e-06,4.62813713798573e-06,9.74029226768747e-06,1.9815367807063393e-05,1.0312633543188165e-05,0.9359073392894114,0,3.7395262850897477e-06
mesh-laplacian,50,0.0001,0.25,1.9314268057603514e-08,5.109026378576745e-06,5.751310415846704e-06,1.2310222684002835e-05,2.503739433447957e-05,1.3207155967770633e-05,0.9255644956318619,0,3.7395262850897477e-06
mesh-laplacian,60,0.0001,0.25,2.2342655702433467e-08,5.941482368039408e-06,6.774628427647023e-06,1.5346427741884347e-05,3.0598492133201345e-05,1.6105275489625726e-05,0.9078597485195066,0,3.7395262850897477e-06
mesh-laplacian,10,0.0001,0.5,1.0394759793504436e-08,2.832546037806192e-06,2.912285016875831e-06,5.883012264870944e-06,1.1858416949184421e-05,5.985821544863296e-06,0.9660100404046533,0,7.479052570210449e-06
mesh-laplacian,20,0.0001,0.5,1.805257640205179e-08,4.839313952048172e-06,5.154929562902342e-06,1.0509233534152236e-05,2.134836255412997e-05,1.090124700539645e-05,0.9494733832248115,0,7.479052570210449e-06
mesh-laplacian,30,0.0001,0.5,2.5202607898892815e-08,6.6640234297555104e-06,7.241897570988044e-06,1.4894286095997099e-05,3.03969423954588e-05,1.569563899702821e-05,0.9438388384445026,0,7.479052570210449e-06
mesh-laplacian,40,0.0001,0.5,3.210565508362523e-08,8.43741450819898e-06,9.256299743333794e-06,1.9480572244966975e-05,3.963108018670143e-05,2.0625489295112168e-05,0.9359099649381463,0,7.479052570210449e-06
mesh-laplacian,50,0.0001,0.5,3.862853611523845e-08,1.0218052757230756e-05,1.1502660427931116e-05,2.4620363948983447e-05,5.007537307516116e-05,2.641471704768584e-05,0.9255729001275929,0,7.479052570210449e-06
mesh-laplacian,60,0.0001,0.5,4.4685311404925724e-08,1.1882964736223082e-05,1.3549316440286653e-05,3.069243646961564e-05,6.119761568500285e-05,3.2211151487968986e-05,0.9078708406769466,0,7.479052570210449e-06
mesh-laplacian,10,0.0001,0.75,1.5592139690243965e-08,4.2488190566861335e-06,4.3684306486280976e-06,8.82453407765995e-06,1.7787660099591738e-05,8.978744342125692e-06,0.9660151616619642,0,1.1218578855280684e-05
mesh-laplacian,20,0.0001,0.75,2.707886460311358e-08,7.2589709281154056e-06,7.732404773739769e-06,1.576389932030468e-05,3.2022691549417394e-05,1.6351937504595965e-05,0.9494793552514169,0,1.1218578855280684e-05
mesh-laplacian,30,0.0001,0.75,3.780391184824326e-08,9.996035144608512e-06,1.0862866968017024e-05,2.2341482012345695e-05,4.559571749390803e-05,2.3543621033079798e-05,0.9438419547311308,0,1.1218578855280684e-05
mesh-laplacian,40,0.0001,0.75,4.815848262548323e-08,1.2656121762211556e-05,1.3884487816985238e-05,2.9220840035791156e-05,5.9447137204422555e-05,3.093856725614554e-05,0.9359125903526799,0,1.1218578855280684e-05
mesh-laplacian,50,0.0001,0.75,5.794280417274169e-08,1.5327079135810075e-05,1.7254050038585168e-05,3.693042397690539e-05,7.51139363329365e-05,3.9622683238825144e-05,0.9255813046183928,0,1.1218578855280684e-05
mesh-laplacian,60,0.0001,0.75,6.70279671073139e-08,1.782444710425242e-05,2.032406404192788e-05,4.603802645965078e-05,9.179737082210218e-05,4.831762798818652e-05,0.9078819328321414,0,1.1218578855280684e-05
mesh-laplacian,10,0.0001,1.0,2.0789519587016562e-08,5.665092075586791e-06,5.8245783626764254e-06,1.176606635194198e-05,2.371692637290673e-05,1.1971675156499031e-05,0.9660202829205422,0,1.4958105140407116e-05
mesh-laplacian,20,0.0001,1.0,3.610515280419247e-08,9.678627904156109e-06,1.0309886937765752e-05,2.1018597816165712e-05,4.2697119044424994e-05,2.1802672669114687e-05,0.9494853272169111,0,1.4958105140407116e-05
mesh-laplacian,30,0.0001,1.0,5.040521579773615e-08,1.332804685952652e-05,1.448385010695398e-05,2.9788713246847732e-05,6.079469524159275e-05,3.139171142971739e-05,0.9438450708764338,0,1.4958105140407116e-05
mesh-laplacian,40,0.0001,1.0,6.421131016733662e-08,1.6874829016278766e-05,1.8512701360575308e-05,3.896109574560693e-05,7.926353892873367e-05,4.125186742821388e-05,0.9359152155330133,0,1.4958105140407116e-05
mesh-laplacian,50,0.0001,1.0,7.725707223036511e-08,2.0436105514488747e-05,2.3005479250478455e-05,4.924040295016735e-05,0.00010015308421980404,5.28310545409979e-05,0.9255897091042599,0,1.4958105140407116e-05
mesh-laplacian,60,0.0001,1.0,8.937062280980035e-08,2.376592947240575e-05,2.7098871237365266e-05,6.138319799026194e-05,0.00012239775771495323,6.44247049854369e-05,0.907893024985092,0,1.4958105140407116e-05
mesh-laplacian,10,0.001,0.25,5.1273362359884865e-08,1.3904873855680645e-05,1.4260398530606444e-05,2.8804178931653224e-05,5.80616070291328e-05,2.9308539778471782e-05,0.9660501128729342,0,3.67135663865029e-05
mesh-laplacian,20,0.001,0.25,8.906790813150369e-08,2.3757390464260168e-05,2.5236005839319893e-05,5.144106634403531e-05,0.00010449711301896024,5.3361700265393685e-05,0.949519826056285,0,3.67135663865029e-05
mesh-laplacian,30,0.001,0.25,1.243622072653714e-07,3.2717401607820105e-05,3.54493998686232e-05,7.289612838188745e-05,0.00014876577308500885,7.682019581012086e-05,0.9438626223961823,0,3.67135663865029e-05
mesh-laplacian,40,0.001,0.25,1.5842510179176237e-07,4.142355062669627e-05,4.5306894661594154e-05,9.533274008230839e-05,0.0001939302656904777,0.00010093922793866666,0.93592956387366,0,3.67135663865029e-05
mesh-laplacian,50,0.001,0.25,1.905870056295653e-07,5.015802347856431e-05,5.629384054807271e-05,0.00012046956878631194,0.00024498525687978776,0.00012925044281844025,0.9256391535268395,0,3.67135663865029e-05
mesh-laplacian,60,0.001,0.25,2.204316167312249e-07,5.832015828599592e-05,6.630341922513741e-05,0.0001501753239752912,0.00029934676799033347,0.00015759182429423568,0.9079582914251618,0,3.67135663865029e-05
mesh-laplacian,10,0.001,0.5,1.0254672471975754e-07,2.7809747711390935e-05,2.8520997948124133e-05,5.760938970006986e-05,0.00011612547813270252,5.861786660900811e-05,0.9661004279684599,0,7.342713277299838e-05
mesh-laplacian,20,0.001,0.5,1.7813581626304324e-07,4.751478092848704e-05,5.0472677999104546e-05,0.00010288531205157726,0.00020900377196927185,0.00010672773369411134,0.9495782072085093,0,7.342713277299838e-05
mesh-laplacian,30,0.001,0.5,2.487244145306862e-07,6.543480321562008e-05,7.090011579689314e-05,0.00014579569001252606,0.0002975511533861771,0.00015365087683468824,0.9438926256647517,0,7.342713277299838e-05
mesh-laplacian,40,0.001,0.5,3.168502035835225e-07,8.284710125322227e-05,9.061622648909381e-05,0.00019066432190714837,0.0003878938305011832,0.00020189991259547395,0.9359543916736078,0,7.342713277299838e-05
mesh-laplacian,50,0.001,0.5,3.8117401125893036e-07,0.00010031604695717652,0.00011259146642301415,0.00024093128868847092,0.0004900269200844191,0.0002585399537175356,0.9257222154348197,0,7.342713277299838e-05
mesh-laplacian,60,0.001,0.5,4.4086323346273264e-07,0.0001166403165720934,0.00013261253420378578,0.0003003102100604094,0.0005987544745792528,0.00031524153990112366,0.9080679262652321,0,7.342713277299838e-05
mesh-laplacian,10,0.001,0.75,1.538200870796308e-07,4.171462156708399e-05,4.278179828686486e-05,8.641563782344089e-05,0.0001741916172007139,8.79279808140612e-05,0.9661507431804105,0,0.00011014069915951338
mesh-laplacian,20,0.001,0.75,2.672037243945545e-07,7.12721713927125e-05,7.571001667831752e-05,0.0001543327585355835,0.0003135199915945455,0.00016009810098271916,0.9496365824449414,0,0.00011014069915951338
mesh-laplacian,30,0.001,0.75,3.730866217960644e-07,9.815220482345723e-05,0.00010635214833163457,0.00021869873599639534,0.00044635617483750186,0.00023049204439299175,0.943922615252984,0,0.00011014069915951338
mesh-laplacian,40,0.001,0.75,4.752753053752804e-07,0.00012427065187978813,0.00013592799674204962,0.0002859948445700184,0.000581890757752994,0.00030288205506351037,0.9359791968063207,0,0.00011014069915951338
mesh-laplacian,50,0.001,0.75,5.717610168883844e-07,0.0001504740704357974,0.0001688928800678238,0.00036138533186398745,0.0007351250945779278,0.00038786853216161364,0.9258052768551457,0,0.00011014069915951338
mesh-laplacian,60,0.001,0.75,6.612948501941862e-07,0.00017496047485824102,0.0001989273492058991,0.0004504049204604801,0.0008982232786538187,0.000472949141419553,0.9081775608800347,0,0.00011014069915951338
mesh-laplacian,10,0.001,1.0,2.0509344943951744e-07,5.561949542277718e-05,5.704279958113913e-05,0.00011522292881956,0.0002322600281229981,0.00011723888271612725,0.9662010585087851,0,0.00014685426554601655
mesh-laplacian,20,0.001,1.0,3.562716325260491e-07,9.502956185696887e-05,0.00010094802207587166,0.00020578342720626216,0.0004180457866364272,0.00021347280282778294,0.949694951765582,0,0.00014685426554601655
mesh-laplacian,30,0.001,1.0,4.97448829061413e-07,0.0001308696064313204,0.00014180549801955832,0.00029160531743301776,0.000595180871366342,0.00030734369980366127,0.9439525911608792,0,0.00014685426554601655
mesh-laplacian,40,0.001,1.0,6.337004071670429e-07,0.00016569420250640022,0.00018124220667996562,0.0003813244071691491,0.0007759211107513403,0.0004038856564323989,0.9360039792717986,0,0.00014685426554601655
mesh-laplacian,50,0.001,1.0,7.623480225178977e-07,0.00020063209391439271,0.00022519808392492942,0.0004818318704921442,0.0009802798852834142,0.0005172361776016788,0.925888337787815,0,0.00014685426554601655
mesh-laplacian,60,0.001,1.0,8.817264669254182e-07,0.00023328063314423983,0.0002652478685007127,0.0006004597175213874,0.0011977533390540895,0.000630714623418467,0.9082871952695682,0,0.00014685426554601655
mesh-laplacian,10,0.01,0.25,4.5445596946297036e-07,0.00011811086584263231,0.00011862884442630162,0.00023944116759280228,0.0004826926492882316,0.0002436827377957761,0.9664294146186838,0,0.0003117894219840905
mesh-laplacian,20,0.01,0.25,7.91206521633942e-07,0.00020189209808415368,0.00020950219231893264,0.0004265929485559707,0.000866558621622436,0.00044260659511485985,0.9499395444687598,0,0.0003117894219840905
mesh-laplacian,30,0.01,0.25,1.1061254882846209e-06,0.0002781843520496261,0.0002940234906934732,0.0006038110549449209,0.0012319278418592475,0.000636401127179555,0.9440462644993263,0,0.0003117894219840905
mesh-laplacian,40,0.01,0.25,1.4091056767084453e-06,0.00035218625860954756,0.00037555377097339015,0.000788894610752113,0.0016038425786658022,0.0008355131755138718,0.9360495610361375,0,0.0003117894219840905
mesh-laplacian,50,0.01,0.25,1.693390075329188e-06,0.00042590070601236586,0.00046598873026694823,0.0009956632432403184,0.0020221196391969048,0.0010682896310081293,0.9263006194964236,0,0.0003117894219840905
mesh-laplacian,60,0.01,0.25,1.9558394695293608e-06,0.0004944622513062175,0.0005483319626741429,0.0012405411237152557,0.0024667819536432056,0.001300936163078636,0.9088322023661426,0,0.0003117894219840905
mesh-laplacian,10,0.01,0.5,9.089119389259688e-07,0.00023622173168527885,0.0002372722126566495,0.00047897010209618394,0.0009655677135027572,0.00048742968246244474,0.9668590358099245,0,0.0006235788439681741
mesh-laplacian,20,0.01,0.5,1.5824130432679596e-06,0.0004037841961683642,0.0004190496533689041,0.000853429486292264,0.001733829492773669,0.0008855378367206326,0.9504172091220598,0,0.0006235788439681741
mesh-laplacian,30,0.01,0.5,2.212250976569185e-06,0.0005563687040992433,0.0005881358558683518,0.0012078860814105652,0.0024653007377480815,0.00127357304968758,0.9442589040844959,0,0.0006235788439681741
mesh-laplacian,40,0.01,0.5,2.8182113534169363e-06,0.0007043725172189675,0.000751270818187372,0.0015777118202531786,0.0032101086333878354,0.0016725782996878662,0.936192721990159,0,0.0006235788439681741
mesh-laplacian,50,0.01,0.5,3.386780150658301e-06,0.0008518014120247286,0.0009322285059991829,0.001990746131996001,0.004048304150277651,0.0021393766323878766,0.9270451041040343,0,0.0006235788439681741
mesh-laplacian,60,0.01,0.5,3.9116789390586106e-06,0.000988924502612462,0.001097041409841973,0.002478125352369731,0.004937941970315914,0.0026060055637417362,0.9098157255057189,0,0.0006235788439681741
mesh-laplacian,10,0.01,0.75,1.3633679083889573e-06,0.0003543325975279187,0.00035593012715702847,0.0007185899573337064,0.0014486274034975768,0.0007312410090201972,0.9672886614675541,0,0.0009353682659522406
mesh-laplacian,20,0.01,0.75,2.373619564901899e-06,0.0006056762942524932,0.0006286425140916744,0.0012805221659616215,0.0026018210913086363,0.0013287940672494143,0.9508944329481687,0,0.0009353682659522406
mesh-laplacian,30,0.01,0.75,3.318376464853749e-06,0.0008345530561488883,0.0008823374561372907,0.0018122556322656585,0.003700138482355841,0.0019115163849671355,0.9444705242027833,0,0.0009353682659522406
mesh-laplacian,40,0.01,0.75,4.227317030125386e-06,0.0010565587758283805,0.001127151975149272,0.0023665114272698536,0.004818835223688629,0.0025111957337622007,0.9363341962685418,0,0.0009353682659522406
mesh-laplacian,50,0.01,0.75,5.080170225987323e-06,0.0012777021180370547,0.0013987209480658008,0.0029853526458957086,0.006078614688793368,0.0032132602710224878,0.9273316053811691,0,0.0009353682659522406
mesh-laplacian,60,0.01,0.75,5.86751840858806e-06,0.0014833867539187082,0.0016461311853947817,0.0037129107027397065,0.007413572283714512,0.003915204702306588,0.9107992257785561,0,0.0009353682659522406
mesh-laplacian,10,0.01,1.0,1.8178238778519331e-06,0.0004724434633705488,0.0004746026103879017,0.0009583038847627974,0.0019318739292708484,0.0009751168928113735,0.9677182915915735,0,0.0012471576879363006
mesh-laplacian,20,0.01,1.0,3.164826086535849e-06,0.0008075683923366556,0.0008382809053725427,0.0017078835255024067,0.0034705418851943993,0.0017723756290605652,0.9513712159470857,0,0.0012471576879363006
mesh-laplacian,30,0.01,1.0,4.424501953138351e-06,0.0011127374081985367,0.0011766286518944563,0.0024169502316241306,0.004936460835841526,0.002550231747250529,0.9446811248541905,0,0.0012471576879363006
mesh-laplacian,40,0.01,1.0,5.636422706833768e-06,0.0014087450344378132,0.0015031980746397226,0.003155353236259512,0.006430059322281971,0.0033513658186588888,0.9364739838712866,0,0.0012471576879363006
mesh-laplacian,50,0.01,1.0,6.773560301316389e-06,0.0017036028240493316,0.0018654676755835895,0.003979586871388342,0.008113112198718485,0.004289939744740263,0.9273971674901451,0,0.0012471576879363006
mesh-laplacian,60,0.01,1.0,7.823357878117277e-06,0.001977849005224918,0.002195604129292538,0.004945055920558891,0.009893764870907719,0.0052285299126646105,0.9117827031846526,0,0.0012471576879363006
mesh-laplacian,10,0.1,0.25,2.4600051568416333e-06,0.0005044772474648484,0.00047982731222433634,0.0009694341371489263,0.0019517754544664534,0.0009841346859807546,0.9678757348357372,0,0.0013319711149388065
mesh-laplacian,20,0.1,0.25,4.35312082685608e-06,0.0008636444982543804,0.0008393814452838809,0.0017093220302809094,0.0034641789747558325,0.001766715430094688,0.951282617251658,0,0.0013319711149388065
mesh-laplacian,30,0.1,0.25,6.134184756171274e-06,0.0011928866619769288,0.001172037609580077,0.0024070448977131656,0.0048913797243553495,0.002522660371099091,0.9442346151202872,0,0.0013319711149388065
mesh-laplacian,40,0.1,0.25,7.818834978041268e-06,0.0015104775838895473,0.0014918360980391765,0.0031310343410523573,0.0063290877391090185,0.0032954090666895484,0.9356618653825738,0,0.0013319711149388065
mesh-laplacian,50,0.1,0.25,9.370829281618371e-06,0.0018186004015695637,0.001837014762929716,0.003928903277922881,0.00790315796525185,0.004176942373709162,0.9277540591722316,0,0.0013319711149388065
mesh-laplacian,60,0.1,0.25,1.0783573709724911e-05,0.002101740296477571,0.002151569139995232,0.004877799682929852,0.009564999185612523,0.005054018321829304,0.9128692632647271,0,0.0013319711149388065
mesh-laplacian,10,0.1,0.5,4.920010313683224e-06,0.0010089544949296845,0.0009599066400726482,0.0019406388239712198,0.003907002115486421,0.001969500079901628,0.9697512802915725,0,0.0026639422298776
mesh-laplacian,20,0.1,0.5,8.706241653712134e-06,0.001727288996508732,0.0016793140474871734,0.003422450506203829,0.006939787605954847,0.0035386926832362956,0.9530950528389011,0,0.0026639422298776
mesh-laplacian,30,0.1,0.5,1.2268369512342597e-05,0.0023857733239538645,0.0023451025246625707,0.004817610394664535,0.009805473146411755,0.005057420006003298,0.9446161844973981,0,0.0026639422298776
mesh-laplacian,40,0.1,0.5,1.5637669956082652e-05,0.003020955167778965,0.0029854519318899472,0.00625835707725098,0.012694808414160763,0.006614167895585896,0.935385471940877,0,0.0026639422298776
mesh-laplacian,50,0.1,0.5,1.8741658563236736e-05,0.0036372008031391873,0.0036765710865571425,0.007843111236918823,0.01586619856596657,0.008394731946767401,0.9283731644232649,0,0.0026639422298776
mesh-laplacian,60,0.1,0.5,2.1567147419449625e-05,0.004203480592955166,0.004306951281812017,0.009698339934151826,0.019191635235388367,0.010167750077037765,0.9160984470332652,0,0.0026639422298776
mesh-laplacian,10,0.1,0.75,7.3800154705248335e-06,0.0015134317423945163,0.0014402400024155224,0.0029138031474282805,0.005865809603220747,0.002956104496613162,0.9716264342613392,0,0.003995913344816425
mesh-laplacian,20,0.1,0.75,1.3059362480568224e-05,0.002590933494763132,0.0025198097703944163,0.005140201002460609,0.010427342461018577,0.005315941100767079,0.9548987457499973,0,0.003995913344816425
mesh-laplacian,30,0.1,0.75,1.8402554268513893e-05,0.0035786599859308275,0.003519227996714735,0.0072338012312181425,0.014743545411543501,0.007604288705153894,0.944977313578609,0,0.003995913344816425
mesh-laplacian,40,0.1,0.75,2.3456504934124125e-05,0.004531432751668516,0.004480925364808947,0.00938619470715151,0.019099552948176023,0.00995624987806039,0.935075533081387,0,0.003995913344816425
mesh-laplacian,50,0.1,0.75,2.8112487844855077e-05,0.005455801204708819,0.005518822101691068,0.011749939318358433,0.023893001228329148,0.01265326781335522,0.928139009118765,0,0.003995913344816425
mesh-laplacian,60,0.1,0.75,3.235072112917437e-05,0.006305220889432734,0.006466419846842499,0.014472644693557322,0.028885644708688773,0.015340993565245568,0.917024278337965,0,0.003995913344816425
mesh-laplacian,10,0.1,1.0,9.840020627366454e-06,0.0020179089898593513,0.0019208294159932019,0.0038891154567842075,0.007828327308416523,0.0039439563503552155,0.9735011967450369,0,0.005327884459755229
mesh-laplacian,20,0.1,1.0,1.741248330742426e-05,0.0034545779930174885,0.003360880561867064,0.006863384958312588,0.013927357492544503,0.007098469939198924,0.956693695984947,0,0.005327884459755229
mesh-laplacian,30,0.1,1.0,2.4536739024685174e-05,0.004771546647907771,0.0046944472177349785,0.009657713563320272,0.019706852277645535,0.010163275326091892,0.9453180023639188,0,0.005327884459755229
mesh-laplacian,40,0.1,1.0,3.12753399121655e-05,0.006041910335558062,0.005978334069206047,0.012518776143750788,0.025545689064904255,0.013321622284703585,0.9347320488041033,0,0.005327884459755229
mesh-laplacian,50,0.1,1.0,3.748331712647343e-05,0.007274401606278402,0.007363920499348774,0.01565673966382425,0.031987390008045666,0.016952427912273443,0.9264908318167693,0,0.005327884459755229
mesh-laplacian,60,0.1,1.0,4.313429483889917e-05,0.008406961185910306,0.008630247243858089,0.01921196701225481,0.03865269586843039,0.020573490861467408,0.9179500589842547,0,0.005327884459755229
mesh-laplacian,10,1.0,0.25,9.622334188813736e-06,0.0008915391744846467,0.0008872582350743609,0.001806772693345979,0.0036254129667418057,0.0018216149410100403,0.9695449278573843,0,0.0023913482381053533
mesh-laplacian,20,1.0,0.25,1.7847638731581644e-05,0.0015416102456927237,0.0015489438702888567,0.0031652116461772014,0.006396837519910953,0.0032529602118419074,0.9530543795990868,0,0.0023913482381053533
mesh-laplacian,30,1.0,0.25,2.5605059032101303e-05,0.002146208084809921,0.0021740852160374497,0.004466783664779794,0.009057872811886731,0.004662351829645788,0.9451965107971366,0,0.0023913482381053533
mesh-laplacian,40,1.0,0.25,3.274523805103703e-05,0.002722622472863672,0.0027716031371348314,0.0057966960187181985,0.011710638139314614,0.006095548280984742,0.9360598676574099,0,0.0023913482381053533
mesh-laplacian,50,1.0,0.25,3.9240762964344925e-05,0.0032699182437341055,0.003395583664855539,0.007234324490541161,0.014528939329599535,0.007678285170108028,0.9303457811272057,0,0.0023913482381053533
mesh-laplacian,60,1.0,0.25,4.5134361468437795e-05,0.003776191207047051,0.003994122909254903,0.008939324511686973,0.017562819735819815,0.009326277951226161,0.9177064979335675,0,0.0023913482381053533
mesh-laplacian,10,1.0,0.5,1.9244668377627466e-05,0.0017830783489692873,0.0017753494931431742,0.0036140525953254053,0.007254245257104062,0.003645209874990889,0.9730860865252652,0,0.004782696476210703
mesh-laplacian,20,1.0,0.5,3.56952774631633e-05,0.003083220491385444,0.003099403329708659,0.006332910970187904,0.012812519742280853,0.006516933734598004,0.9566182012887144,0,0.004782696476210703
mesh-laplacian,30,1.0,0.5,5.1210118064202606e-05,0.004292416169619817,0.004350851492522591,0.008934253403499506,0.018160954714554037,0.0093525516460895,0.9464877837129383,0,0.004782696476210703
mesh-laplacian,40,1.0,0.5,6.549047610207424e-05,0.005445244945727297,0.005547400279963936,0.011574900099342356,0.02349661606754523,0.012243865458170284,0.9360957771644991,0,0.004782696476210703
mesh-laplacian,50,1.0,0.5,7.848152592868984e-05,0.006539836487468269,0.006797238096460714,0.01442113475604139,0.029187457247682912,0.015449670222163613,0.928888329347055,0,0.004782696476210703
mesh-laplacian,60,1.0,0.5,9.026872293687559e-05,0.0075523824140941095,0.00799769917491987,0.017735909803222413,0.03527335643200011,0.018792128697038144,0.9194979217957842,0,0.004782696476210703
mesh-laplacian,10,1.0,0.75,2.886700256644123e-05,0.0026746175234539354,0.002664284037427279,0.005422463787488404,0.010886933137218344,0.005470810893950563,0.9755174680913385,0,0.0071740447143160725
mesh-laplacian,20,1.0,0.75,5.354291619474497e-05,0.004624830737078169,0.004651440859336955,0.009505788197377402,0.01924869436587533,0.00979194636519656,0.9601529040571519,0,0.0071740447143160725
mesh-laplacian,30,1.0,0.75,7.68151770963039e-05,0.006438624254429734,0.006530476684808899,0.013409399450721513,0.027313193722972282,0.014070614715382233,0.9477064241946798,0,0.0071740447143160725
mesh-laplacian,40,1.0,0.75,9.82357141531115e-05,0.008167867418590977,0.0083278150957829,0.01734874805489334,0.035365174440980855,0.018444826099823064,0.9360124419277445,0,0.0071740447143160725
mesh-laplacian,50,1.0,0.75,0.00011772228889303473,0.00980975473120239,0.010205806316426275,0.021584701934569635,0.043986876010489145,0.023313978634278577,0.9266779472874193,0,0.0071740447143160725
mesh-laplacian,60,1.0,0.75,0.0001354030844053135,0.011328573621141228,0.012012261191324758,0.026426549147741094,0.05314769818619847,0.028397629353840773,0.9168542917611135,0,0.0071740447143160725
mesh-laplacian,10,1.0,1.0,3.848933675525497e-05,0.003566156697938575,0.0035540721117451064,0.007232629714060862,0.014523913944889095,0.007298445209639474,0.9759582018984925,0,0.009565392952421415
mesh-laplacian,20,1.0,1.0,7.13905549263266e-05,0.006166440982770872,0.006205118814808811,0.012686526290403056,0.025707005501791714,0.013078025751279742,0.9609318789434147,0,0.009565392952421415
mesh-laplacian,30,1.0,1.0,0.00010242023612840518,0.00858483233923966,0.008713138191074303,0.017899195337961856,0.036518515574046194,0.01881655646375866,0.9452414643609901,0,0.009565392952421415
mesh-laplacian,40,1.0,1.0,0.0001309809522041486,0.010890489891454603,0.011113269886653824,0.023132420029096518,0.0473234912698922,0.02469827519302854,0.9323070919425326,0,0.009565392952421415
mesh-laplacian,50,1.0,1.0,0.00015696305185737962,0.013079672974936484,0.013622128062542977,0.02874950878567131,0.058938335428446495,0.031270907968282406,0.9215088852043184,0,0.009565392952421415
mesh-laplacian,60,1.0,1.0,0.00018053744587375134,0.015104764828188297,0.016039333346604047,0.035049028578121616,0.07120168672599615,0.03814245641218366,0.911730580705892,0,0.009565392952421415
mesh-laplacian,10,10.0,0.25,3.805479703208166e-05,0.0013330378889204106,0.0013602860821434043,0.00273125994436319,0.005514326537585562,0.0027876076968132942,0.9712384429103518,0,0.0037614534183425083
mesh-laplacian,20,10.0,0.25,7.270787274120525e-05,0.0023915136157329933,0.002470437839975017,0.0048805562857994296,0.010023177862936092,0.0051770153748837144,0.9557850964462813,0,0.0037614534183425083
mesh-laplacian,30,10.0,0.25,0.00010564410129209184,0.0033853065698094737,0.003568431719257066,0.006944822214118573,0.014476368115361229,0.00764874438506741,0.9487075319247552,0,0.0037614534183425083
mesh-laplacian,40,10.0,0.25,0.00013613017774538217,0.004314073532522934,0.00464761442645362,0.009002333029619397,0.018933165585019784,0.010225437490345992,0.9402342761720334,0,0.0037614534183425083
mesh-laplacian,50,10.0,0.25,0.000163991373051744,0.005174919477383298,0.005758837357071816,0.011114614994836253,0.02353708320388971,0.013039312880876862,0.9334649878131024,0,0.0037614534183425083
mesh-laplacian,60,10.0,0.25,0.00018945549382469012,0.005969869425685945,0.006890358441924324,0.013495510745109872,0.028485348161041035,0.016133223661702688,0.9193763469506898,0,0.0037614534183425083
mesh-laplacian,10,10.0,0.5,7.61095940641633e-05,0.002666075777840814,0.0027216178204338384,0.005463834573341177,0.011034242350618643,0.005578329292759933,0.9764781723595487,0,0.00752290683668501
mesh-laplacian,20,10.0,0.5,0.00014541574548241048,0.004783027231465978,0.004942052563499208,0.00977255015718026,0.020082164932608067,0.010371223615644425,0.9620790147841173,0,0.00752290683668501
mesh-laplacian,30,10.0,0.5,0.0002112882025841837,0.006770613139618932,0.007137985026102013,0.013912557018222834,0.029043731639184563,0.015342525908106622,0.9534796450402808,0,0.00752290683668501
mesh-laplacian,40,10.0,0.5,0.0002722603554907644,0.008628147065045859,0.009296413368872292,0.01802092356864867,0.03802636777072806,0.020537432641834937,0.944374893546575,0,0.00752290683668501
mesh-laplacian,50,10.0,0.5,0.00032798274610348796,0.010349838954766603,0.011519165332314082,0.022227303687071154,0.047346723495576844,0.026234056178225967,0.9332394842264995,0,0.00752290683668501
mesh-laplacian,60,10.0,0.5,0.0003789109876493804,0.011939738851371874,0.013784468278695174,0.02690159131718625,0.05734850982870671,0.03251324610516213,0.9133286814501392,0,0.00752290683668501
mesh-laplacian,10,10.0,0.75,0.00011416439109624498,0.003999113666761208,0.0040840166580832175,0.008198496540403725,0.016560253889524448,0.008372205514526498,0.9816297912573289,0,0.011284360255027492
mesh-laplacian,20,10.0,0.75,0.0002181236182236157,0.007174540847198963,0.007414979409336043,0.014679422635555434,0.0301787477179765,0.015582732697284647,0.967890965913562,0,0.011284360255027492
mesh-laplacian,30,10.0,0.75,0.0003169323038762755,0.010155919709428378,0.01070905466659482,0.02091233388166096,0.04370620675268622,0.02308159426725041,0.9534418222725152,0,0.011284360255027492
mesh-laplacian,40,10.0,0.75,0.00040839053323614655,0.01294222059756874,0.013947303131526078,0.027074457292145762,0.057286878900653405,0.030936408427174645,0.9411829254312097,0,0.011284360255027492
mesh-laplacian,50,10.0,0.75,0.0004919741191552317,0.01552475843214992,0.017282723196517448,0.03337025985614957,0.0714398800702238,0.03958538125085006,0.9243729012093804,0,0.011284360255027492
mesh-laplacian,60,10.0,0.75,0.0005683664814740705,0.01790960827705775,0.020685331090453903,0.040268350723539945,0.08660477311064944,0.049142705057643746,0.90781506065594,0,0.011284360255027492
mesh-laplacian,10,10.0,1.0,0.00015221918812832665,0.005332151555681608,0.005447504004924782,0.010936017464793035,0.02209286996896888,0.011169279422367177,0.9818265427742777,0,0.015045813673369985
mesh-laplacian,20,10.0,1.0,0.00029083149096482096,0.00956605446293195,0.009889353477632529,0.01960459546085609,0.04031471103536941,0.02081165760295319,0.9640099243281566,0,0.015045813673369985
mesh-laplacian,30,10.0,1.0,0.0004225764051683674,0.013541226279237857,0.014282035080606527,0.027953206505948073,0.05846788348640539,0.030866210711693497,0.946820007162936,0,0.015045813673369985
mesh-laplacian,40,10.0,1.0,0.0005445207109815287,0.017256294130091634,0.018601189321472644,0.0361815012396733,0.07672188656750184,0.041422769082169374,0.9306213007631831,0,0.015045813673369985
mesh-laplacian,50,10.0,1.0,0.0006559654922069758,0.020699677909533178,0.023051248620803103,0.04457556440462979,0.09582726139015353,0.05309431118708652,0.9160220166101237,0,0.015045813673369985
mesh-laplacian,60,10.0,1.0,0.0007578219752987607,0.02387947770274368,0.027595943451843182,0.053646316613668026,0.11626900939260539,0.06602374987311053,0.9028354845680898,0,0.015045813673369985
