node1,node2,node3
1572,1543,1498
1468,1453,1531
1532,1468,1531
1468,1532,1499
2804,2809,2784
2838,2809,2804
2809,2797,2784
2763,2737,2757
2857,2877,2878
2877,2897,2878
2896,2902,2897
2902,2914,2897
2916,2914,2913
1506,1459,1505
2407,2427,2435
889,900,913
585,565,573
585,613,607
565,548,538
417,438,418
194,236,218
178,194,164
1454,1468,1499
1439,1453,1396
1500,1512,1513
1633,1597,1644
1589,1641,1573
1641,1589,1616
1688,1641,1616
1511,1530,1467
1530,1511,1573
1589,1511,1543
1511,1589,1573
2894,2968,2907
2737,2745,2726
2745,2737,2763
2838,2845,2809
2873,2845,2838
2845,2873,2859
2873,2899,2859
2899,2873,2898
2825,2838,2804
2790,2825,2804
2825,2790,2803
2826,2797,2809
2826,2845,2859
2845,2826,2809
2846,2826,2859
2797,2777,2784
2681,2656,2676
2737,2725,2757
2725,2751,2757
2751,2725,2714
2800,2801,2795
2729,2751,2714
2891,2871,2878
2801,2787,2795
2311,2323,2324
1056,1150,1057
1208,1265,1239
2807,2801,2800
2822,2816,2815
2849,2856,2857
2856,2877,2857
1312,1341,1271
1341,1312,1353
1392,1341,1353
1552,1572,1498
1195,1208,1239
1208,1195,1130
1459,1458,1505
1458,1504,1505
1278,1320,1263
1459,1460,1401
1506,1460,1459
1240,1211,1177
1196,1240,1177
2460,2428,2435
2429,2436,2430
2559,2560,2552
2548,2559,2552
2525,2514,2499
2514,2525,2547
2558,2540,2570
2593,2558,2570
2525,2558,2547
2558,2525,2540
2488,2467,2499
2514,2488,2499
195,194,218
1060,1119,1061
1119,1060,1059
1119,1130,1062
1061,1119,1062
1058,1119,1059
863,862,876
877,900,889
878,877,889
1679,1602,1621
1602,1557,1621
1950,1911,1924
1833,1876,1814
1876,1833,1911
1201,1229,1271
1284,1228,1245
548,526,538
580,548,565
580,585,607
585,580,565
424,438,417
830,841,858
841,884,858
841,807,814
807,841,830
898,885,941
885,898,860
874,830,858
1557,1503,1502
1515,1503,1557
1504,1535,1578
1535,1602,1578
1472,1535,1504
1535,1472,1515
1262,1319,1328
230,198,239
189,198,199
206,229,239
198,206,239
229,206,221
387,373,400
385,417,418
405,385,418
385,405,380
210,236,194
178,210,194
1530,1485,1467
1453,1485,1531
1439,1485,1453
1469,1455,1440
1455,1469,1470
1469,1454,1499
1512,1469,1499
1469,1486,1470
1553,1597,1633
1676,1692,1733
1596,1530,1573
1641,1596,1573
1370,1371,1314
1286,1273,1214
1469,1421,1454
1397,1421,1409
1421,1422,1409
1422,1421,1440
1421,1469,1440
2972,2973,2907
2968,2969,2907
2969,2970,2907
2971,2972,2907
2970,2971,2907
2899,2961,2906
2966,2894,2906
2886,2894,2907
2908,2886,2907
2886,2908,2880
2919,2998,2999
2770,2745,2763
2770,2804,2784
2770,2790,2804
2790,2770,2763
2730,2704,2726
2745,2730,2726
2952,2898,2893
2885,2864,2891
2864,2871,2891
2871,2864,2843
2904,2885,2891
2865,2873,2838
2824,2825,2803
2824,2832,2851
2796,2824,2803
2826,2818,2797
2818,2826,2846
2571,2559,2547
2558,2571,2547
2571,2558,2593
2532,2548,2541
2548,2532,2559
2532,2514,2547
2559,2532,2547
2771,2777,2797
2662,2641,2640
2703,2681,2676
2750,2775,2768
2775,2750,2744
2775,2787,2801
2775,2788,2768
2708,2729,2714
2687,2708,2714
2708,2687,2686
2762,2775,2744
2321,2322,2310
2633,2612,2611
2538,2567,2557
2615,2639,2640
2598,2593,2570
1330,1401,1377
1330,1348,1401
1293,1330,1279
1330,1293,1348
1221,1278,1263
1278,1221,1205
1221,1165,1205
1175,1222,1206
1128,1175,1206
1149,1128,1206
2903,2891,2878
2903,2934,2891
2897,2903,2878
2929,2903,2897
1368,1392,1353
1312,1368,1353
1484,1529,1498
1529,1552,1498
1615,1616,1572
1552,1615,1572
1354,1393,1342
1393,1354,1419
1437,1511,1467
1355,1302,1342
1393,1355,1342
1355,1393,1420
1265,1281,1239
1176,1224,1210
1224,1266,1210
1224,1176,1209
1256,1224,1209
1224,1256,1266
1281,1256,1239
1256,1281,1321
1131,1066,1130
1195,1131,1130
1131,1195,1209
1176,1131,1209
1120,1131,1176
1069,1131,1120
1361,1329,1292
1329,1278,1292
1278,1329,1320
1329,1376,1320
2407,2421,2427
1387,1427,1445
1401,1426,1377
1460,1426,1401
1473,1426,1460
1426,1427,1377
1426,1473,1427
1257,1196,1210
1196,1257,1240
1266,1257,1210
1257,1266,1322
953,969,907
969,922,907
1006,1082,1092
1006,969,953
1152,1151,1197
1151,1211,1197
906,953,907
846,906,907
953,906,921
870,846,907
870,922,871
922,870,907
2456,2448,2455
2428,2400,2435
2415,2400,2428
2427,2454,2435
2453,2454,2427
2454,2460,2435
2460,2454,2478
2473,2459,2486
2473,2453,2459
2454,2473,2478
2473,2454,2453
2487,2460,2478
2467,2487,2499
2460,2487,2467
2523,2513,2506
2523,2538,2557
2245,2271,2260
2296,2271,2245
2443,2429,2455
2448,2443,2455
2443,2436,2429
2416,2422,2417
2422,2416,2430
2416,2429,2430
2295,2330,2331
2371,2330,2356
2330,2371,2331
2351,2352,2319
2616,2607,2606
2617,2616,2624
2572,2578,2579
2578,2572,2568
2579,2578,2588
2578,2594,2588
2594,2578,2606
2518,2525,2499
2525,2518,2540
2467,2479,2455
2488,2479,2467
2479,2488,2514
113,103,133
103,122,133
144,113,133
113,144,134
144,178,164
134,144,164
135,155,156
132,169,170
169,175,186
170,169,186
579,590,572
590,583,572
864,877,865
877,888,900
169,151,160
151,169,132
152,132,170
102,110,12
110,102,132
152,110,132
890,889,901
891,890,901
889,945,901
945,889,913
1600,1635,1661
1620,1635,1600
1599,1600,1591
1599,1620,1600
1735,1750,1751
1558,1515,1557
1602,1558,1557
1558,1535,1515
1535,1558,1602
1663,1679,1621
1663,1705,1679
1601,1663,1621
1704,1694,1703
1694,1704,1661
1705,1754,1679
1911,1910,1924
1833,1823,1832
1793,1833,1814
1793,1779,1792
1779,1793,1751
1793,1823,1833
1228,1182,1156
1229,1182,1228
1093,1109,1156
1230,1201,1271
1270,1312,1271
1229,1270,1271
1270,1229,1228
539,574,575
460,424,456
424,460,438
499,470,478
470,440,478
440,470,441
440,405,418
470,479,441
479,462,441
568,567,601
506,514,507
673,701,679
633,612,639
665,633,639
633,665,653
659,665,639
781,757,790
757,781,758
701,717,679
600,634,613
585,600,613
600,585,573
591,600,573
626,633,653
783,795,814
1012,959,940
739,743,744
743,739,728
816,832,860
832,885,860
816,842,822
842,816,860
797,831,815
874,831,830
1190,1161,1215
1215,1161,1189
1161,1113,1189
874,896,940
896,939,940
896,874,858
884,896,858
1099,986,1098
986,1099,1012
986,1012,940
939,986,940
1458,1425,1504
1425,1472,1504
1472,1425,1424
1425,1376,1424
1548,1489,1488
1443,1489,1502
1556,1557,1502
1489,1556,1502
1556,1489,1548
1601,1556,1600
1556,1548,1600
1557,1556,1621
1556,1601,1621
1503,1444,1502
1444,1443,1502
1489,1442,1488
1442,1489,1443
1277,1319,1262
1277,1218,1236
1218,1277,1262
1319,1374,1328
1374,1444,1400
1444,1374,1443
269,256,239
269,261,256
117,127,147
125,135,156
188,212,221
173,206,198
173,148,147
426,425,448
425,426,400
341,372,350
372,381,350
381,372,393
373,381,400
385,392,417
424,392,398
392,424,417
392,361,398
361,371,398
565,547,573
547,565,538
1289,1316,1304
1316,1317,1304
1317,1316,1326
1233,1215,1189
1553,1546,1512
1658,1692,1644
1532,1545,1499
1597,1545,1532
1553,1545,1597
1811,1852,1822
1852,1811,1851
1777,1811,1733
1851,1777,1821
1811,1777,1851
1702,1676,1733
1596,1544,1530
1544,1596,1574
1544,1485,1530
1544,1574,1531
1485,1544,1531
1643,1690,1691
1596,1643,1574
1675,1643,1691
1485,1438,1467
1438,1485,1439
1395,1439,1396
1395,1438,1439
1438,1395,1371
1421,1408,1454
1408,1344,1396
1454,1408,1468
2975,2908,2974
2962,2963,2906
2961,2962,2906
2960,2899,2959
2960,2961,2899
2963,2964,2906
2894,2967,2968
2966,2967,2894
2993,2994,2900
2835,2852,2853
2765,2773,2766
2758,2730,2745
2777,2758,2784
2730,2758,2738
2758,2770,2784
2770,2758,2745
2758,2771,2738
2771,2758,2777
2802,2776,2789
2776,2802,2796
2802,2824,2796
2824,2802,2832
2776,2769,2789
2729,2769,2751
2769,2776,2751
2783,2776,2796
2783,2796,2803
2790,2783,2803
2954,2955,2898
2955,2956,2898
2899,2958,2959
2953,2954,2898
2952,2953,2898
2949,2950,2893
2947,2948,2892
2825,2844,2838
2844,2865,2838
2865,2858,2893
2858,2892,2893
2844,2858,2865
2858,2824,2851
2824,2858,2825
2858,2844,2825
2894,2879,2906
2866,2879,2894
2899,2879,2859
2879,2899,2906
2879,2846,2859
2879,2866,2846
2818,2791,2797
2791,2771,2797
2771,2791,2778
2771,2746,2738
2746,2771,2778
2846,2860,2833
2866,2860,2846
2886,2860,2894
2860,2866,2894
2861,2886,2880
2834,2861,2840
2861,2860,2886
2834,2798,2811
2599,2571,2593
2533,2526,2541
2526,2532,2541
2526,2533,2527
2689,2690,2660
2637,2633,2611
2715,2737,2726
2703,2715,2681
2704,2715,2726
2681,2715,2704
2850,2831,2857
2850,2857,2878
2871,2850,2878
2850,2871,2843
2788,2817,2789
2817,2850,2843
2850,2817,2831
2832,2817,2843
2802,2817,2832
2817,2802,2789
2688,2703,2676
2688,2687,2714
2703,2688,2725
2725,2688,2714
2750,2713,2744
2685,2713,2698
2736,2769,2729
2567,2586,2557
2592,2612,2613
2661,2662,2640
2639,2661,2640
2661,2639,2660
2662,2661,2691
2661,2690,2691
2690,2661,2660
2639,2638,2660
2612,2638,2613
2638,2612,2633
2805,2780,2793
2662,2663,2641
2663,2650,2641
2650,2627,2641
2605,2615,2640
2641,2605,2640
2627,2605,2641
2605,2627,2598
1320,1306,1263
1306,1293,1263
1291,1220,1262
1291,1262,1328
1361,1291,1328
1291,1361,1292
1220,1254,1205
1278,1254,1292
1254,1278,1205
1254,1291,1292
1291,1254,1220
1220,1219,1262
1219,1220,1172
1219,1218,1262
1173,1220,1205
1220,1173,1172
1117,1173,1127
1173,1117,1172
1103,1174,1148
1165,1174,1103
1174,1165,1221
1237,1293,1279
1222,1237,1279
1293,1237,1263
1237,1221,1263
1237,1174,1221
1104,1103,1148
1128,1118,1175
1118,1104,1148
1104,1118,1020
1129,1194,1150
1194,1129,1149
1056,1129,1150
1048,1128,1149
1255,1264,1206
1222,1255,1206
1255,1222,1279
1264,1223,1206
1223,1149,1206
1223,1194,1149
1223,1238,1194
1223,1264,1280
1238,1223,1280
2822,2830,2816
2842,2849,2857
2856,2870,2877
2870,2876,2877
2890,2884,2883
2876,2884,2877
2877,2884,2897
2884,2896,2897
2896,2884,2890
2921,2918,2920
2922,2923,2914
2928,2929,2897
2927,2928,2897
2925,2926,2897
2926,2927,2897
1419,1465,1484
1465,1529,1484
1657,1688,1616
1615,1657,1616
1341,1313,1271
1369,1392,1418
1392,1369,1341
1419,1369,1418
1354,1369,1419
1369,1313,1341
1313,1369,1354
1436,1419,1484
1436,1393,1419
1393,1436,1420
1436,1484,1498
1420,1436,1498
1394,1437,1370
1394,1355,1420
1407,1371,1370
1437,1407,1370
1407,1437,1467
1438,1407,1467
1407,1438,1371
1466,1420,1498
1543,1466,1498
1466,1394,1420
1394,1466,1437
1511,1466,1543
1437,1466,1511
1325,1286,1302
1355,1325,1302
1325,1370,1314
1325,1394,1370
1394,1325,1355
1273,1325,1314
1286,1325,1273
1294,1256,1321
1256,1294,1266
1131,1067,1066
1070,1120,1071
1070,1069,1120
494,459,475
1375,1329,1361
1375,1361,1400
1375,1400,1424
1376,1375,1424
1329,1375,1376
2393,2365,2379
2393,2421,2407
2365,2393,2356
1238,1308,1265
1308,1238,1280
1387,1378,1427
1378,1331,1377
1427,1378,1377
1264,1332,1280
1332,1264,1331
1332,1387,1363
1308,1332,1363
1332,1308,1280
1378,1332,1331
1332,1378,1387
1412,1387,1445
1387,1412,1363
1491,1507,1447
1507,1491,1565
1257,1295,1240
1295,1257,1322
1227,1180,1179
1082,1122,1092
1180,1122,1179
1299,1284,1245
1284,1299,1340
1392,1435,1418
1435,1483,1418
1122,1108,1179
1108,1122,1082
1108,982,1005
982,1108,1082
1243,1227,1179
1227,1243,1269
1268,1199,1242
1199,1243,1179
1243,1199,1268
1167,1121,1091
983,953,921
1006,983,1082
983,1006,953
982,983,921
983,982,1082
937,982,921
868,937,921
937,868,882
982,937,1005
1121,1081,1091
1211,1134,1177
1151,1134,1211
1132,1120,1176
1132,1176,1210
1196,1132,1210
709,699,664
869,868,921
906,869,921
869,906,846
870,838,846
495,486,509
486,494,509
459,486,453
494,486,459
516,536,510
2442,2415,2428
2442,2460,2467
2460,2442,2428
2429,2442,2455
2442,2467,2455
2415,2442,2429
2494,2513,2478
2473,2494,2478
2494,2473,2486
2506,2494,2486
2513,2494,2506
2246,2245,2260
2246,2231,2245
2286,2296,2297
2296,2286,2271
2296,2309,2297
2401,2373,2394
2401,2402,2395
2415,2401,2394
2401,2415,2429
2402,2401,2408
2416,2401,2429
2401,2416,2408
2343,2365,2356
2210,2259,2211
2259,2210,2258
2295,2294,2330
2294,2259,2258
2259,2294,2295
2380,2371,2356
2371,2380,2407
2393,2380,2356
2380,2393,2407
2399,2371,2407
2399,2407,2435
2400,2399,2435
2371,2357,2331
2296,2285,2319
2285,2296,2245
2259,2230,2211
2333,2296,2319
2352,2333,2319
2309,2333,2320
2333,2309,2296
2333,2352,2373
2607,2600,2606
2600,2594,2606
2616,2628,2624
2513,2507,2478
2507,2487,2478
2479,2474,2455
2468,2474,2475
2474,2468,2461
2210,2229,2258
103,36,35
37,36,103
38,37,103
113,38,103
104,113,134
122,163,133
163,144,133
144,163,178
115,123,146
154,134,164
194,154,164
195,154,194
27,112,121
28,121,29
28,27,121
590,604,612
604,590,579
558,571,579
94,1,0
141,142,137
120,152,143
120,110,152
111,120,143
1165,1147,1205
1173,1147,1127
1147,1173,1205
973,964,963
964,973,965
914,945,992
914,902,901
945,914,901
902,914,903
1089,973,963
1117,1116,1172
1116,993,992
1750,1767,1751
1767,1779,1751
1646,1660,1661
1635,1646,1661
1720,1735,1751
1660,1678,1661
1678,1694,1661
1662,1663,1601
1662,1600,1661
1662,1601,1600
1663,1662,1705
1662,1704,1705
1704,1662,1661
1950,2005,1976
1875,1888,1911
1888,1910,1911
1854,1867,1833
1854,1833,1832
1752,1793,1814
1752,1704,1751
1793,1752,1751
1813,1793,1792
1793,1813,1823
2272,2287,2311
2248,2272,2311
1137,1093,1156
1182,1137,1156
1033,1006,1092
1006,1033,969
1231,1286,1214
1184,1141,1140
1302,1285,1342
857,841,814
841,857,884
857,924,884
857,883,924
1300,1284,1340
1270,1300,1312
1284,1300,1228
1300,1270,1228
1368,1300,1340
1300,1368,1312
549,539,575
567,549,575
511,526,548
539,511,548
580,566,548
566,539,548
566,574,539
592,580,607
592,566,580
566,592,574
714,706,705
691,676,705
628,648,615
576,569,559
569,560,559
596,588,581
449,426,448
449,433,426
438,439,418
439,440,418
555,532,519
532,501,519
501,532,506
532,555,559
550,532,559
596,587,615
587,596,559
555,587,559
531,500,518
500,499,518
499,500,470
500,479,470
555,541,568
541,531,568
541,555,519
501,490,519
500,490,479
479,490,462
472,471,506
471,501,506
471,472,448
514,528,520
528,514,506
528,529,520
532,528,506
528,532,533
673,672,701
665,672,653
654,673,679
654,626,653
672,654,653
654,672,673
633,605,612
590,605,583
605,590,612
789,812,790
827,812,840
812,827,790
757,765,790
765,789,790
741,700,722
741,765,757
806,781,790
827,806,790
717,710,679
619,600,591
600,619,634
1013,1124,1113
1160,1124,1112
1113,1124,1189
1124,1160,1189
1124,1038,1112
1038,1124,1013
1038,959,1012
959,1038,1013
942,898,941
1014,1013,1113
942,1014,987
1013,1014,941
1014,942,941
1160,1232,1189
1232,1233,1189
1371,1315,1314
897,874,940
959,897,940
727,743,728
727,714,705
817,816,822
817,808,816
971,988,989
988,971,960
798,832,816
832,798,815
796,771,807
796,807,830
771,796,760
831,796,830
796,831,797
796,772,760
772,796,797
783,784,759
784,771,759
771,784,807
807,784,814
784,783,814
772,747,760
747,772,736
661,660,688
1216,1203,1215
1203,1190,1215
1161,1170,1162
1170,1161,1190
1234,1216,1215
1144,1161,1162
1161,1144,1125
1114,1085,1125
1085,1161,1125
1161,1085,1113
1085,1114,1100
1086,1085,1100
1085,1014,1113
1014,1085,987
1085,1086,1039
1037,1123,1098
986,1037,1098
1411,1425,1458
1411,1459,1401
1411,1458,1459
1487,1501,1488
1471,1487,1488
1547,1555,1548
1534,1547,1548
1400,1457,1424
1444,1457,1400
1457,1444,1503
1457,1503,1515
1457,1472,1424
1472,1457,1515
1441,1442,1423
381,357,350
357,381,373
343,374,358
374,343,373
229,255,239
255,269,239
319,341,350
314,319,350
2912,2901,2900
85,84,117
127,158,147
158,127,139
165,158,139
158,165,188
126,165,139
197,165,182
197,212,188
165,197,188
240,230,239
270,269,280
269,270,261
128,117,147
148,128,147
128,85,117
128,106,89
128,136,129
136,128,148
425,443,448
401,394,400
394,387,400
407,401,400
387,382,373
382,374,373
419,406,393
406,381,393
406,443,425
443,406,419
406,425,400
381,406,400
405,386,380
362,392,385
392,362,361
334,362,328
362,334,361
244,265,235
265,244,282
371,404,398
334,349,361
349,371,361
349,334,327
236,252,218
252,245,218
245,252,275
187,210,178
163,187,178
210,226,236
226,251,236
226,187,203
187,226,210
175,185,186
562,563,536
517,497,504
517,547,538
1259,1289,1275
1259,1316,1289
1260,1259,1275
1316,1259,1288
1259,1260,1252
1233,1259,1215
1259,1233,1288
1259,1234,1215
1234,1259,1252
1408,1357,1344
1357,1408,1421
1357,1288,1344
1357,1316,1288
2230,2120,2211
2087,2210,2211
2087,2086,2210
1676,1645,1633
1645,1634,1633
1554,1553,1576
1554,1546,1553
1512,1533,1513
1546,1533,1512
1658,1617,1675
1643,1617,1574
1617,1643,1675
1866,1853,1852
1852,1831,1822
1853,1831,1852
1764,1731,1776
1658,1732,1692
1692,1732,1733
1732,1777,1733
1719,1702,1733
1676,1693,1677
1702,1693,1676
1812,1791,1811
1812,1811,1822
1766,1749,1733
1790,1730,1789
1848,1790,1789
1849,1790,1848
1790,1830,1776
1830,1790,1849
1689,1730,1690
1689,1641,1688
1731,1748,1776
1730,1748,1690
1690,1748,1691
1748,1731,1691
1748,1790,1776
1790,1748,1730
1643,1642,1690
1642,1643,1596
1642,1596,1641
2908,2976,2977
2975,2976,2908
2965,2966,2906
2964,2965,2906
2847,2812,2840
2900,2995,2996
2994,2995,2900
2847,2868,2852
2852,2881,2853
2868,2881,2852
2827,2835,2853
2874,2862,2853
2881,2874,2853
2874,2881,2900
2848,2841,2853
2813,2805,2793
2957,2899,2898
2956,2957,2898
2957,2958,2899
2951,2952,2893
2950,2951,2893
2904,2938,2939
2937,2938,2904
2934,2935,2891
2940,2904,2939
2904,2905,2885
2945,2905,2944
2946,2947,2892
2905,2946,2892
2946,2905,2945
2872,2858,2851
2858,2872,2892
2810,2791,2818
2810,2846,2833
2810,2818,2846
2811,2810,2833
2810,2811,2778
2791,2810,2778
2764,2739,2778
2739,2746,2778
2839,2861,2834
2839,2811,2833
2839,2834,2811
2860,2839,2833
2861,2839,2860
2785,2798,2772
2798,2785,2811
2764,2785,2772
2785,2764,2778
2811,2785,2778
2798,2779,2772
2779,2812,2792
2812,2779,2798
2819,2834,2840
2819,2798,2834
2812,2819,2840
2819,2812,2798
2578,2587,2606
2599,2587,2571
2587,2578,2559
2571,2587,2559
2670,2689,2660
2689,2716,2690
2716,2730,2738
2730,2716,2704
2716,2689,2704
2681,2657,2656
2657,2637,2656
2637,2657,2633
2808,2817,2788
2817,2808,2831
2808,2775,2801
2775,2808,2788
2708,2702,2729
2702,2736,2729
2702,2708,2686
2713,2724,2698
2724,2702,2698
2702,2724,2736
2724,2713,2750
2736,2756,2769
2788,2756,2768
2756,2788,2789
2769,2756,2789
2756,2750,2768
2756,2724,2750
2724,2756,2736
1516,1460,1506
1516,1473,1460
1427,1474,1445
1473,1474,1427
2755,2762,2744
2749,2755,2744
2762,2767,2775
2767,2774,2775
2775,2782,2787
2774,2782,2775
2586,2614,2615
2614,2639,2615
2638,2614,2613
2614,2638,2639
2612,2591,2611
2592,2591,2612
2537,2512,2536
2523,2539,2513
2551,2539,2557
2539,2523,2557
2759,2792,2793
2753,2759,2731
2759,2779,2792
2779,2759,2753
2692,2662,2691
2692,2663,2662
1193,1222,1175
1193,1237,1222
1193,1118,1148
1118,1193,1175
1174,1193,1148
1237,1193,1174
1045,1128,1046
1045,1044,1128
1023,1042,1024
1118,1021,1020
1208,1207,1265
1207,1238,1265
1194,1207,1150
1238,1207,1194
1049,1048,1149
1128,1047,1046
1048,1047,1128
1264,1307,1331
1255,1307,1264
1307,1255,1279
1330,1307,1279
1331,1307,1377
1307,1330,1377
2823,2830,2837
2830,2823,2816
2831,2823,2857
2823,2807,2816
2807,2823,2801
2823,2842,2857
2842,2823,2837
2863,2856,2855
2863,2870,2856
2923,2924,2914
2914,2924,2897
2924,2925,2897
2931,2932,2903
2903,2933,2934
2932,2933,2903
1272,1230,1271
1313,1272,1271
1069,1068,1131
1068,1067,1131
422,459,453
523,535,509
494,523,509
1130,1063,1062
1064,1063,1130
530,534,544
493,494,475
1804,1859,1827
1333,1363,1388
1333,1308,1363
1364,1333,1388
1333,1281,1265
1308,1333,1265
1281,1333,1321
1333,1364,1321
1363,1428,1388
1412,1428,1363
1388,1428,1446
1446,1428,1490
1476,1413,1446
1413,1388,1446
1413,1364,1388
1381,1415,1447
1507,1461,1447
1491,1538,1565
1381,1349,1323
1296,1349,1350
1181,1200,1245
1181,1228,1156
1228,1181,1245
1109,1181,1156
1200,1135,1180
1122,1135,1092
1135,1122,1180
1299,1367,1340
1367,1299,1352
1311,1268,1338
1311,1339,1269
1243,1311,1269
1311,1243,1268
1298,1339,1352
1299,1298,1352
1339,1298,1269
1107,1108,1005
981,1107,1005
1081,1107,981
1107,1121,1154
1107,1081,1121
1155,1199,1179
1199,1155,1154
1108,1155,1179
1155,1107,1154
1107,1155,1108
1198,1152,1197
1198,1153,1152
1121,1178,1154
1199,1178,1242
1178,1199,1154
920,981,1005
937,920,1005
920,937,882
1153,1090,1152
855,911,856
855,827,840
827,855,856
873,855,840
954,908,922
908,954,894
872,908,894
922,908,871
908,872,871
954,1034,1083
1034,1137,1083
1137,1034,1093
764,746,751
731,753,754
731,699,709
752,764,776
732,731,754
731,732,699
700,687,722
659,687,665
687,700,665
820,837,846
837,869,846
837,820,810
836,837,810
788,787,810
820,788,810
788,764,751
764,788,776
750,763,751
839,870,871
839,838,870
872,839,871
788,811,776
811,788,820
516,554,536
554,562,536
2112,2194,2121
2112,2121,2113
2330,2329,2356
2329,2343,2356
2294,2329,2330
2357,2332,2331
2382,2415,2394
2415,2382,2400
2399,2381,2371
2381,2357,2371
2381,2399,2400
2382,2381,2400
2192,2244,2245
2244,2285,2245
2244,2192,2191
2230,2283,2284
2283,2332,2284
2283,2259,2295
2283,2230,2259
2283,2295,2331
2332,2283,2331
2383,2374,2373
2374,2366,2373
2401,2388,2373
2388,2401,2395
2388,2383,2373
2366,2359,2373
2359,2333,2373
2333,2359,2353
2344,2333,2353
2524,2507,2513
2539,2524,2513
2524,2539,2551
2507,2524,2518
2518,2524,2540
2500,2474,2479
2500,2479,2514
2500,2489,2474
2500,2508,2501
2532,2500,2514
2500,2515,2508
2349,2350,2307
2343,2350,2365
2365,2350,2379
2350,2349,2379
2350,2308,2307
2308,2350,2343
2086,2103,2210
2103,2229,2210
2349,2306,2342
2306,2349,2307
39,113,40
39,38,113
114,104,134
154,114,134
114,154,123
34,103,35
121,30,29
163,153,177
153,163,122
153,122,121
124,155,135
124,57,115
155,124,146
124,115,146
123,145,146
154,145,123
22,21,111
120,19,18
19,120,111
112,25,24
112,138,121
138,112,111
138,111,143
161,138,143
535,545,558
545,571,558
523,545,535
604,599,618
599,611,618
97,94,96
97,1,94
102,109,132
5,109,6
109,5,108
109,142,151
109,151,132
142,150,151
11,102,12
209,234,215
176,202,209
176,152,170
202,176,170
110,13,12
17,120,18
1116,1088,1146
1088,1116,992
914,930,915
946,930,993
993,930,992
930,914,992
962,1089,963
1041,1116,1117
1116,1041,993
962,1041,1089
1164,1116,1146
1116,1164,1172
1164,1219,1172
1219,1164,1218
1253,1261,1236
1204,1217,1236
1126,1145,1146
1145,1163,1146
1163,1192,1146
1192,1204,1236
1218,1192,1236
1192,1164,1146
1164,1192,1218
1934,1950,1924
2091,2071,2090
2016,2005,2004
2005,1989,2004
1753,1752,1814
1794,1753,1814
1753,1794,1754
1753,1754,1705
2287,2298,2311
2247,2248,2232
2248,2213,2232
2123,2248,2214
2123,2114,2122
2114,2123,2091
2123,2213,2248
2312,2299,2311
2248,2299,2288
2299,2248,2311
2299,2312,2313
2288,2299,2300
2107,2091,2090
2107,2114,2091
1286,1248,1302
1231,1248,1286
1248,1285,1302
1185,1141,1184
1248,1185,1184
1185,1248,1231
1185,1231,1214
1202,1184,1140
1137,1157,1083
1157,1137,1182
1138,1157,1201
984,954,1083
1157,1094,1083
1094,1157,1138
1094,984,1083
984,1094,1008
1094,1138,1110
1008,1094,1110
1230,1183,1201
1183,1138,1201
795,829,814
829,857,814
829,883,857
1158,1095,1110
1141,1096,1140
1096,1035,1140
911,895,856
540,549,567
531,540,568
540,567,568
540,531,518
549,540,518
483,460,456
512,511,539
706,697,705
697,691,705
718,727,728
727,718,714
676,684,677
684,676,691
628,656,648
668,676,677
556,550,559
560,556,559
472,473,464
502,506,507
426,427,420
433,427,426
457,472,464
444,449,450
449,444,433
440,461,478
439,461,440
461,439,438
460,461,438
542,532,550
532,542,533
586,555,568
586,587,555
586,568,601
490,513,519
513,490,500
513,500,531
513,541,519
541,513,531
672,695,701
741,695,700
700,695,665
695,672,665
606,619,591
619,606,626
605,606,583
626,606,633
606,605,633
671,644,664
644,671,659
699,671,664
671,687,659
644,638,664
638,644,618
632,604,618
644,632,618
612,632,639
604,632,612
632,659,639
632,644,659
780,805,789
779,805,780
756,741,722
741,756,765
765,756,789
756,780,789
733,741,757
733,757,758
695,733,701
733,695,741
733,717,701
717,733,758
660,680,688
710,680,679
619,645,634
645,660,634
645,654,679
680,645,679
645,680,660
1233,1274,1288
1232,1274,1233
1288,1274,1344
1395,1356,1371
1356,1315,1371
1250,1303,1251
1303,1250,1315
859,831,874
897,859,874
831,859,815
859,832,815
832,859,885
885,926,941
926,897,959
926,1013,941
926,959,1013
773,798,816
798,773,761
1015,988,987
875,886,887
886,842,860
842,886,861
886,875,861
886,899,887
898,886,860
942,886,898
848,842,861
848,843,842
842,833,822
843,833,842
791,798,761
798,791,815
791,797,815
791,772,797
592,593,574
574,593,575
593,594,575
723,734,759
1376,1362,1320
1362,1306,1320
1555,1577,1548
1600,1577,1591
1548,1577,1600
1501,1514,1488
1514,1548,1488
1514,1534,1548
1456,1471,1488
1442,1456,1488
1441,1456,1442
1347,1374,1319
1277,1347,1319
1290,1277,1276
315,321,322
315,308,321
314,320,300
320,314,350
357,320,350
320,301,300
301,320,321
255,279,269
301,279,300
356,335,329
319,335,341
329,307,328
278,314,300
279,278,300
278,279,255
92,91,98
91,90,98
92,95,93
99,95,98
95,92,98
118,128,129
128,118,106
230,213,198
2915,2912,2900
2915,2900,2996
82,81,117
127,81,80
81,127,117
84,83,117
83,82,117
158,183,147
183,173,147
173,183,206
183,158,188
183,188,221
206,183,221
126,116,72
116,126,139
127,116,139
157,126,125
157,125,156
165,157,182
126,157,165
256,248,239
248,240,239
86,128,87
128,86,85
128,88,87
88,128,89
189,184,198
184,173,198
184,174,173
463,443,462
490,463,462
463,471,448
443,463,448
463,490,501
471,463,501
462,442,441
443,442,462
442,419,441
442,443,419
426,413,400
413,407,400
413,426,420
374,364,358
375,364,374
412,386,405
419,412,441
412,440,441
440,412,405
335,363,341
363,335,356
363,372,341
363,386,372
363,356,380
386,363,380
355,362,385
355,385,380
356,355,380
355,356,329
355,329,328
362,355,328
340,325,347
339,318,338
325,339,347
360,339,338
339,360,378
244,264,282
264,272,294
305,264,294
264,305,282
311,325,287
311,339,325
339,311,318
295,265,282
311,295,318
265,295,287
295,311,287
297,306,275
334,306,327
306,297,327
486,466,453
466,486,495
487,516,510
516,487,495
487,466,495
466,487,467
339,368,347
368,339,378
391,404,371
411,423,390
468,476,446
430,468,446
468,430,467
487,468,467
497,477,504
476,454,446
225,203,235
225,226,203
325,312,287
312,273,287
273,312,296
340,312,325
251,266,236
273,266,251
266,252,236
266,273,296
272,293,294
317,305,294
293,317,294
317,293,324
345,352,353
564,591,573
564,563,591
547,564,573
496,525,504
536,525,510
525,496,510
1358,1372,1359
1357,1358,1316
1372,1358,1384
1345,1358,1359
1358,1357,1421
1358,1345,1326
1316,1358,1326
1358,1397,1384
1358,1421,1397
2029,1987,2056
1987,1932,1931
1948,1932,1963
1932,1948,1933
1885,1851,1821
1873,1885,1821
2086,2027,2026
2087,2027,2086
2027,2087,2028
1973,2027,2028
2088,2055,2028
2055,2088,2120
2087,2088,2028
2120,2088,2211
2088,2087,2211
2104,2120,2191
2104,2055,2120
2055,2104,2056
2192,2104,2191
1883,1849,1907
1883,1830,1849
1961,1972,2026
2027,1961,2026
1961,2027,1973
1634,1619,1633
1619,1598,1633
1553,1590,1576
1659,1676,1677
1659,1645,1676
1618,1617,1658
1874,1866,1852
1830,1809,1776
1809,1764,1776
1718,1658,1675
1718,1732,1658
1749,1734,1733
1734,1719,1733
1791,1778,1811
1829,1906,1848
1829,1775,1820
1829,1848,1789
1775,1829,1789
1906,1922,1960
1730,1747,1789
1747,1775,1789
1775,1747,1729
1747,1688,1729
1689,1747,1730
1747,1689,1688
1763,1775,1729
1775,1763,1820
1701,1763,1729
1763,1701,1746
1714,1686,1656
1727,1714,1656
1903,1864,1828
1864,1788,1828
1788,1864,1847
1763,1808,1820
1808,1763,1746
2908,2909,2880
2881,2911,2900
2911,2881,2910
2989,2911,2910
2911,2993,2900
2901,2888,2900
2888,2874,2900
2862,2854,2853
2854,2848,2853
2812,2820,2792
2792,2820,2793
2820,2813,2793
2820,2812,2847
2813,2820,2835
2820,2847,2852
2835,2820,2852
2827,2814,2805
2814,2806,2805
2935,2936,2891
2936,2904,2891
2936,2937,2904
2943,2905,2942
2905,2943,2944
2940,2941,2904
2905,2941,2942
2941,2905,2904
2739,2717,2746
2526,2519,2532
2677,2681,2704
2677,2657,2681
2689,2677,2704
2670,2677,2689
2657,2649,2633
2649,2638,2633
2649,2677,2670
2677,2649,2657
2638,2649,2660
2649,2670,2660
2687,2669,2686
2688,2669,2687
2630,2645,2621
2645,2631,2621
2604,2631,2609
2631,2604,2621
2472,2506,2486
2459,2472,2486
2005,2047,1976
2047,2017,1976
2017,1977,1976
2139,2095,2138
2139,2140,2095
2585,2592,2613
2614,2585,2613
2592,2585,2567
2585,2586,2567
2585,2614,2586
2591,2610,2611
2610,2637,2611
2576,2610,2591
2566,2592,2567
2566,2567,2538
2537,2566,2538
2566,2591,2592
2663,2671,2650
1019,1104,1020
1019,1018,1104
1044,1043,1128
1043,1118,1128
1043,1042,1118
1022,1021,1118
1022,1042,1023
1042,1022,1118
1053,1052,1129
1052,1051,1149
1129,1052,1149
1207,1166,1150
1166,1207,1208
1166,1119,1150
1166,1208,1130
1119,1166,1130
1051,1050,1149
1050,1049,1149
2930,2903,2929
2930,2931,2903
1483,1464,1418
1510,1464,1483
1464,1419,1418
1464,1465,1419
1301,1354,1342
1285,1301,1342
1301,1313,1354
1301,1272,1313
1364,1379,1321
1365,1379,1414
1413,1379,1364
1309,1365,1322
1266,1309,1322
1294,1309,1266
1335,1295,1322
1335,1381,1323
1295,1335,1323
422,435,459
508,493,503
1066,1065,1130
1065,1064,1130
493,492,503
492,493,485
522,523,494
493,522,494
530,522,521
522,530,544
508,522,493
2024,1971,1985
1971,2024,2001
1627,1638,1594
1551,1495,1494
1551,1627,1594
1627,1551,1583
1477,1478,1414
1479,1491,1447
1415,1479,1447
1538,1479,1522
1479,1538,1491
1479,1478,1522
1478,1430,1414
1479,1430,1478
1430,1479,1415
1609,1550,1549
1492,1493,1448
1550,1493,1492
1550,1508,1549
1508,1550,1492
1508,1461,1507
1582,1538,1522
1508,1566,1549
1566,1508,1507
1566,1507,1565
1607,1566,1565
1268,1297,1338
1297,1268,1242
1349,1402,1350
1461,1402,1447
1402,1381,1447
1402,1349,1381
1282,1211,1240
1349,1282,1323
1296,1282,1349
1295,1282,1240
1282,1295,1323
1181,1136,1200
1136,1181,1109
1136,1135,1200
1135,1136,1092
1367,1391,1340
1391,1367,1434
1391,1368,1340
1463,1391,1434
1244,1227,1269
1298,1244,1269
1227,1244,1180
1244,1200,1180
1200,1244,1245
1244,1299,1245
1244,1298,1299
1178,1226,1242
787,794,810
794,787,786
868,835,882
835,845,882
845,835,834
1027,1134,1028
1027,1080,1134
1134,1133,1177
1080,1133,1134
1133,1196,1177
1133,1132,1196
1134,1029,1028
1105,1151,1152
1090,1105,1152
1105,1134,1151
1003,1105,1090
853,872,894
854,853,894
853,854,826
873,923,909
854,923,873
923,854,894
923,984,1008
812,821,840
854,821,826
821,805,826
821,873,840
821,854,873
821,812,789
805,821,789
855,910,911
910,873,909
910,855,873
1034,1007,1093
1007,954,922
1007,1034,954
969,1007,922
1033,1007,969
1007,1033,1109
1093,1007,1109
746,745,751
730,731,709
731,730,753
730,752,753
778,779,754
777,778,753
753,778,754
687,716,722
716,756,722
788,770,787
770,788,751
763,770,751
802,777,776
811,802,776
802,839,803
802,811,838
839,802,838
524,554,516
535,524,509
524,495,509
524,516,495
2104,2105,2056
2105,2104,2192
2070,2105,2089
2105,2029,2056
2105,2070,2029
2332,2318,2284
2318,2351,2319
2285,2318,2319
2318,2285,2284
2372,2382,2394
2372,2352,2351
2373,2372,2394
2352,2372,2373
2318,2358,2351
2358,2318,2332
2358,2372,2351
2372,2358,2382
2358,2332,2357
2381,2358,2357
2358,2381,2382
2285,2243,2284
2244,2243,2285
2243,2244,2191
2243,2230,2284
2120,2243,2191
2243,2120,2230
2333,2334,2320
2344,2334,2333
2524,2546,2540
2546,2524,2551
2540,2546,2570
2546,2551,2577
2546,2577,2570
2474,2480,2475
2489,2480,2474
2495,2500,2501
2500,2495,2489
2308,2270,2307
2282,2329,2294
2282,2294,2258
2329,2282,2343
2282,2308,2343
2229,2282,2258
2270,2282,2229
2282,2270,2308
1972,2044,2026
2044,2085,2103
44,43,104
113,41,40
104,41,113
33,32,122
32,31,122
115,56,55
57,56,115
105,124,135
105,62,61
62,105,63
125,105,135
124,58,57
54,115,55
51,50,123
52,51,123
23,112,24
112,23,111
23,22,111
21,20,111
20,19,111
26,112,27
26,25,112
599,578,611
578,577,582
578,599,571
97,2,1
5,4,108
9,8,102
8,109,102
131,109,108
142,131,137
109,131,142
168,169,160
10,9,102
11,10,102
272,250,258
250,234,258
234,250,215
234,233,258
202,233,209
233,234,209
191,209,215
191,176,209
192,191,215
15,14,110
14,13,110
16,15,110
120,16,110
17,16,120
996,995,1103
995,994,1103
1017,996,1103
1104,1017,1103
1018,1017,1104
976,975,994
975,974,994
1089,1102,973
1102,974,973
974,1102,994
994,1102,1103
1102,1165,1103
1102,1147,1165
929,945,913
961,991,945
945,991,992
991,1088,992
1235,1253,1236
1217,1235,1236
1192,1191,1204
1754,1736,1679
1949,1964,1950
1934,1949,1950
2058,2071,2091
2047,2058,2091
2058,2047,2046
2016,2031,2005
2047,2031,2046
2031,2047,2005
1964,1975,1950
1975,2005,1950
1975,1989,2005
2273,2262,2214
2262,2124,2214
2092,2124,2072
2047,2092,2017
2092,2047,2091
2123,2092,2091
2124,2092,2214
2092,2123,2214
2248,2261,2272
2247,2261,2248
2195,2123,2122
2123,2195,2213
970,986,939
970,1037,986
1248,1247,1285
1247,1248,1184
1202,1247,1184
1183,1213,1158
1213,1183,1230
1272,1213,1230
828,827,856
828,806,827
1139,1095,1158
1213,1139,1158
1035,1139,1140
1095,1139,1035
1139,1202,1140
1139,1213,1202
1009,1008,1110
1095,1009,1110
1009,1095,1035
883,958,924
895,958,883
511,505,526
483,505,511
517,505,497
526,505,538
505,517,538
499,527,518
527,549,518
549,527,539
527,512,539
649,642,648
676,662,648
668,662,676
596,597,588
484,480,472
480,473,472
502,491,506
491,472,506
491,484,472
489,461,460
512,489,511
483,489,460
489,483,511
587,608,615
586,608,587
608,628,615
608,586,601
584,562,583
606,584,583
584,563,562
563,584,591
584,606,591
779,804,805
804,778,803
778,804,779
755,779,780
756,755,780
755,732,754
779,755,754
755,716,732
716,755,756
734,711,710
680,711,688
711,680,710
711,723,688
723,711,734
766,783,759
734,766,759
783,766,795
1249,1273,1314
1315,1249,1314
1250,1249,1315
1249,1186,1214
1273,1249,1214
1186,1169,1123
1123,1169,1098
1249,1169,1186
1169,1249,1250
1274,1287,1344
1303,1287,1251
1356,1343,1315
1343,1303,1315
1343,1395,1396
1343,1356,1395
1344,1343,1396
1287,1343,1344
1343,1287,1303
737,726,761
737,696,726
696,737,713
774,773,785
808,799,816
927,886,942
927,943,928
886,927,899
927,942,987
943,927,960
927,988,960
988,927,987
767,791,761
791,767,772
772,767,736
767,726,736
726,767,761
620,593,592
620,641,635
620,592,607
641,620,607
593,614,594
614,620,635
620,614,593
595,621,601
567,595,601
614,595,594
595,567,575
594,595,575
725,747,736
712,725,736
747,725,760
640,641,607
641,640,661
613,640,607
634,640,613
660,640,634
661,640,660
1373,1385,1386
1385,1398,1386
1347,1399,1374
1399,1347,1386
1374,1399,1443
1399,1442,1443
1399,1386,1442
1347,1327,1346
1327,1347,1318
1290,1305,1277
289,301,321
308,289,321
302,289,308
284,289,302
269,289,280
289,284,280
342,343,321
320,342,321
342,320,357
342,357,373
343,342,373
344,336,343
343,330,321
321,330,322
336,330,343
205,182,181
205,197,182
335,313,329
313,335,319
211,220,237
231,222,230
222,213,230
79,127,80
79,78,127
78,77,127
77,116,127
116,77,76
65,64,125
105,64,63
64,105,125
66,65,125
71,126,72
71,70,126
70,69,126
166,149,148
140,136,148
149,140,148
399,412,419
412,399,386
399,419,393
372,399,393
386,399,372
369,340,347
368,369,347
360,384,378
346,324,353
346,317,324
216,192,215
192,162,161
162,153,121
138,162,121
162,138,161
295,310,318
318,310,338
305,310,282
310,295,282
307,298,328
298,334,328
298,306,334
469,483,456
437,469,456
469,477,497
469,437,447
477,469,447
505,469,497
469,505,483
424,432,456
432,437,456
437,432,404
432,424,398
404,432,398
416,423,447
437,416,447
416,437,404
391,416,404
423,416,390
416,391,390
436,422,453
466,436,453
436,466,467
430,436,467
397,368,378
369,397,389
397,369,368
488,496,476
468,488,476
496,488,510
488,487,510
488,468,487
411,431,423
454,431,446
477,482,504
482,496,504
496,482,476
226,259,251
225,259,226
273,259,287
259,273,251
259,265,287
265,259,235
259,225,235
297,274,296
274,266,296
266,274,252
274,297,275
252,274,275
383,388,377
376,383,377
286,272,258
286,293,272
271,286,258
293,286,324
352,359,353
200,201,190
190,201,186
201,170,186
201,202,170
263,271,258
233,263,258
262,263,257
537,564,547
525,537,504
537,517,504
517,537,547
2030,2029,2045
1874,1886,1887
1886,1874,1852
1886,1909,1887
1909,1886,1932
1886,1852,1851
1932,1886,1931
1885,1886,1851
1886,1885,1931
2029,2057,2045
2070,2057,2029
2002,1987,1931
2002,2055,2056
1987,2002,2056
1962,1973,2028
1961,1929,1907
1929,1961,1973
1929,1883,1907
1962,1929,1973
1928,1961,1907
1961,1928,1972
1972,1928,1960
1928,1906,1960
1575,1532,1531
1618,1575,1617
1574,1575,1531
1617,1575,1574
1575,1618,1597
1575,1597,1532
1883,1850,1830
1850,1809,1830
1809,1810,1764
1850,1810,1809
1810,1873,1821
1810,1850,1873
1717,1718,1675
1718,1717,1764
1764,1717,1731
1717,1675,1691
1731,1717,1691
1872,1829,1820
1829,1872,1906
1872,1922,1906
1674,1701,1657
1674,1657,1615
1701,1674,1746
1529,1571,1552
1686,1630,1656
1630,1612,1656
1714,1728,1686
1806,1762,1727
1762,1714,1727
1762,1806,1787
1728,1762,1787
1762,1728,1714
1904,1864,1903
1774,1788,1847
1808,1774,1847
1774,1808,1746
2881,2887,2910
2887,2881,2868
2794,2780,2805
2794,2786,2780
2781,2773,2765
2780,2781,2765
2786,2781,2780
2836,2828,2841
2841,2828,2853
2828,2827,2853
2709,2716,2738
2746,2709,2738
2717,2709,2746
2716,2709,2690
2690,2709,2691
2709,2717,2691
1969,1980,2011
2207,2277,2224
2281,2306,2242
2281,2269,2317
2280,2269,2241
2269,2280,2317
2084,2119,2053
2655,2688,2676
2655,2669,2688
2656,2655,2676
2669,2655,2645
2655,2631,2645
2675,2702,2686
2702,2675,2698
2675,2668,2698
2637,2632,2656
2631,2632,2609
2610,2632,2637
2632,2610,2609
2472,2505,2506
2505,2523,2506
2523,2505,2538
2505,2537,2538
2537,2505,2512
2328,2281,2317
2306,2328,2342
2281,2328,2306
2425,2419,2440
2419,2425,2391
2697,2701,2685
2701,2713,2685
1977,1925,1976
1925,1876,1911
1925,1950,1976
1950,1925,1911
1990,1977,2017
1707,1738,1697
1738,1707,1757
1799,1757,1798
2580,2581,2573
2363,2355,2327
2355,2364,2316
2521,2510,2492
2491,2521,2492
2419,2439,2440
2095,2137,2138
2556,2576,2591
2566,2556,2591
2556,2537,2536
2556,2566,2537
2759,2740,2731
2740,2705,2731
2780,2760,2793
2760,2759,2793
2754,2760,2761
2760,2765,2761
2760,2780,2765
2651,2622,2650
2623,2622,2651
2622,2627,2650
2622,2623,2599
2622,2599,2593
2672,2671,2694
2705,2672,2694
2672,2651,2650
2671,2672,2650
2705,2720,2731
2720,2705,2694
2720,2753,2731
2779,2752,2772
2752,2779,2753
2720,2752,2753
2752,2720,2719
2671,2693,2694
2693,2720,2694
2720,2693,2719
2693,2671,2663
2692,2693,2663
2718,2717,2739
1334,1294,1321
1379,1334,1321
1334,1379,1365
1334,1309,1294
1309,1334,1365
409,422,396
409,435,422
377,409,396
409,395,402
522,515,521
515,522,508
493,481,485
481,493,475
474,481,475
552,545,523
522,552,523
552,522,544
545,552,571
552,578,571
578,552,544
1959,1971,2001
1959,2001,1960
1922,1959,1960
1872,1905,1922
1905,1959,1922
1959,1905,1971
1671,1627,1699
1627,1671,1638
1610,1627,1583
1550,1610,1583
1610,1550,1609
2151,2077,2150
2152,2077,2151
2148,2077,2147
2078,2156,2157
1898,1915,1942
1953,1915,1914
1915,1979,1942
1915,1953,1979
1804,1842,1859
1841,1842,1803
1537,1580,1581
1537,1477,1476
1429,1413,1476
1477,1429,1476
1429,1477,1414
1379,1429,1414
1429,1379,1413
1380,1365,1414
1430,1380,1414
1365,1380,1322
1380,1335,1322
1335,1380,1381
1380,1415,1381
1380,1430,1415
1551,1523,1583
1523,1550,1583
1523,1493,1550
1523,1551,1494
1508,1462,1461
1462,1492,1448
1462,1508,1492
1606,1607,1565
1651,1606,1582
1606,1651,1668
1564,1582,1522
1708,1758,1740
1682,1758,1708
1337,1389,1338
1297,1337,1338
1416,1382,1350
1402,1416,1350
1382,1416,1448
1416,1462,1448
1416,1402,1461
1462,1416,1461
1527,1497,1463
1497,1452,1463
1406,1391,1463
1452,1406,1463
1391,1406,1368
1368,1406,1392
1406,1452,1435
1406,1435,1392
1405,1367,1352
1527,1541,1568
1481,1405,1451
1539,1551,1594
1551,1539,1495
1226,1168,1167
1168,1226,1178
1168,1121,1167
1168,1178,1121
1153,1212,1167
1198,1212,1153
809,801,800
801,794,793
801,836,810
794,801,810
801,819,836
819,801,809
1030,1029,1134
1105,1030,1134
1030,1105,1031
1076,1075,1132
1075,1074,1132
1004,1081,981
1081,1004,1091
920,936,981
936,1004,981
1004,936,919
881,936,920
845,852,882
844,852,845
1105,1001,1031
611,617,631
610,617,611
637,631,630
534,543,544
984,938,954
923,938,984
954,938,894
938,923,894
729,720,719
671,694,687
694,716,687
694,671,699
732,694,699
716,694,732
658,651,650
651,658,663
721,693,708
720,721,708
721,730,709
693,721,709
730,721,752
752,721,764
721,720,764
686,693,678
770,775,787
769,775,770
553,535,558
553,524,535
524,553,554
554,553,572
553,579,572
553,558,579
2105,2106,2089
2106,2105,2112
2193,2192,2245
2193,2105,2192
2105,2193,2112
2112,2193,2194
2194,2193,2212
2190,2270,2229
2103,2190,2229
2085,2190,2103
2069,2024,2053
2119,2069,2053
2024,2043,2001
2069,2043,2024
2043,2069,2102
2025,1972,1960
2025,2044,1972
2044,2025,2085
2001,2025,1960
45,44,104
45,114,46
114,45,104
43,42,104
42,41,104
114,47,46
48,47,114
49,48,114
50,49,123
49,114,123
105,60,59
60,105,61
54,53,115
115,53,123
53,52,123
557,561,544
561,578,544
100,101,97
101,4,3
4,101,108
101,107,108
109,7,6
8,7,109
119,131,108
131,119,130
171,192,161
171,191,192
171,161,143
152,171,143
176,171,152
191,171,176
997,1017,998
1017,997,996
944,961,945
929,944,945
972,991,961
1101,1115,1088
1115,1126,1146
1088,1115,1146
1087,1101,1088
930,916,915
931,930,946
932,931,946
1171,1192,1163
1171,1191,1192
1680,1602,1679
1736,1680,1679
2262,2249,2124
2289,2290,2273
2289,2273,2214
2248,2289,2214
2289,2248,2288
2124,2115,2072
2233,2115,2124
1037,1084,1123
1159,1185,1214
1186,1159,1214
925,970,939
925,896,884
896,925,939
924,925,884
970,925,985
985,925,924
1301,1246,1272
1246,1213,1272
1246,1301,1285
1247,1246,1285
1246,1247,1202
1213,1246,1202
813,829,795
828,813,806
847,895,883
847,813,828
895,847,856
847,828,856
829,847,883
813,847,829
1009,955,1008
923,955,909
955,923,1008
955,910,909
956,1009,1035
910,956,911
955,956,910
956,955,1009
1096,1010,1035
1036,1010,1096
1010,1036,958
498,527,499
527,498,512
498,499,478
498,489,512
461,498,478
489,498,461
642,636,648
657,649,648
662,657,648
609,602,596
602,597,596
623,609,596
623,616,609
629,623,615
623,596,615
616,623,624
853,825,872
825,839,872
825,853,826
839,825,803
825,804,803
805,825,826
804,825,805
742,766,734
742,717,758
742,710,717
742,734,710
1143,1099,1098
1169,1143,1098
1099,1143,1112
1143,1160,1112
737,738,713
773,738,761
738,737,761
704,696,682
696,704,726
696,675,682
773,792,785
912,927,928
927,912,899
627,614,635
627,646,621
595,627,621
627,595,614
646,647,621
647,656,628
647,646,667
647,675,656
647,667,682
675,647,682
724,723,759
646,674,667
1360,1373,1386
1398,1410,1386
1442,1410,1423
1386,1410,1442
290,302,303
290,284,302
351,343,358
351,344,343
205,228,197
228,205,238
197,228,212
228,246,212
212,247,221
246,247,212
247,278,255
247,246,278
246,283,278
283,319,314
278,283,314
288,307,329
313,288,329
219,195,218
245,219,218
219,179,195
179,219,220
179,154,195
179,145,154
180,181,156
155,180,156
205,227,238
238,227,254
68,67,125
67,66,125
116,73,72
74,73,116
75,116,76
75,74,116
166,159,149
167,159,166
198,207,199
213,207,198
348,349,327
349,348,371
326,312,340
354,326,340
312,326,296
348,326,354
326,348,327
297,326,327
326,297,296
369,379,340
379,354,340
379,369,389
379,411,390
411,379,389
366,377,396
243,264,244
216,243,244
243,216,215
250,243,215
216,193,192
193,162,192
153,193,177
162,193,153
193,203,177
277,298,307
288,277,307
306,276,275
298,276,306
436,410,422
422,410,396
410,384,396
431,415,446
415,431,411
415,430,446
415,397,430
415,411,389
397,415,389
423,455,447
455,431,454
431,455,423
455,477,447
455,482,477
455,454,476
482,455,476
281,286,271
286,309,324
359,365,353
365,377,353
365,376,377
331,332,323
201,208,202
564,546,563
537,546,564
546,537,525
563,546,536
546,525,536
2015,2003,2029
2030,2015,2029
1988,1974,1987
1932,1974,1963
1987,1974,1932
1923,1932,1933
1923,1909,1932
1930,2002,1931
1885,1930,1931
1930,1885,1873
2055,1986,2028
2002,1986,2055
1986,1962,2028
1962,1986,1947
1882,1928,1907
1882,1849,1848
1849,1882,1907
1906,1882,1848
1928,1882,1906
1908,1850,1883
1929,1908,1883
1908,1929,1962
1908,1962,1947
1765,1718,1764
1810,1765,1764
1718,1765,1732
1765,1810,1821
1777,1765,1821
1732,1765,1777
1571,1528,1588
1528,1571,1529
1465,1528,1529
1464,1528,1465
1528,1464,1510
2347,2363,2327
2304,2347,2327
2255,2278,2304
2013,1970,2041
1970,2013,1958
1806,1863,1787
1863,1806,1845
1902,1863,1845
1945,1920,1958
2023,2067,2041
1946,1904,1903
1946,2014,1985
1945,1946,1903
1715,1773,1788
1773,1807,1828
1788,1773,1828
1631,1630,1686
1631,1587,1630
2985,2986,2910
2986,2987,2910
2988,2989,2910
2987,2988,2910
2887,2867,2909
2909,2867,2880
2867,2887,2868
2867,2861,2880
2861,2867,2840
2867,2847,2840
2867,2868,2847
2911,2992,2993
2991,2992,2911
2990,2911,2989
2990,2991,2911
2874,2869,2862
2875,2869,2874
2895,2888,2901
2895,2889,2888
2888,2882,2874
2882,2875,2874
2806,2799,2805
2799,2794,2805
2829,2828,2836
2821,2814,2827
2828,2821,2827
2064,2175,2176
2175,2064,2174
1998,2050,2063
1979,1998,1942
2050,1998,1979
2267,2277,2207
2277,2293,2224
2228,2281,2242
2281,2228,2269
2228,2119,2241
2269,2228,2241
2119,2188,2241
2084,2188,2119
2188,2084,2101
2117,2109,2208
2109,2117,2067
2068,2118,2101
2630,2654,2645
2654,2669,2645
2659,2667,2653
2666,2667,2659
2667,2685,2698
2668,2667,2698
2603,2630,2621
2414,2393,2379
2393,2414,2421
2453,2441,2459
2414,2441,2421
2441,2414,2434
2441,2453,2427
2421,2441,2427
2364,2341,2316
2280,2341,2317
2341,2280,2316
2378,2364,2391
2378,2341,2364
2370,2349,2342
2398,2370,2392
2349,2370,2379
2370,2398,2379
2712,2723,2713
2713,2723,2744
2723,2728,2744
2728,2735,2744
2735,2749,2744
2735,2743,2749
2743,2735,2734
2707,2712,2713
2701,2707,2713
2032,1990,2017
2032,2092,2072
2092,2032,2017
1666,1707,1697
1520,1446,1490
1520,1476,1446
1520,1537,1476
1428,1475,1490
1475,1428,1412
1475,1412,1445
1563,1536,1592
1475,1536,1490
1536,1475,1519
1536,1579,1592
1579,1536,1519
2050,2098,2063
2098,2170,2063
2581,2569,2573
2601,2602,2595
2608,2602,2601
2674,2680,2685
2667,2674,2685
2674,2667,2666
2684,2697,2685
2680,2684,2685
2168,2098,2167
2445,2444,2449
2444,2445,2437
2528,2534,2529
2504,2503,2529
2504,2521,2491
2504,2491,2483
2503,2504,2483
2355,2305,2327
2305,2355,2316
2280,2305,2316
2439,2405,2432
2405,2439,2419
2464,2491,2492
2439,2464,2440
2464,2458,2440
2610,2590,2609
2576,2590,2610
2584,2565,2564
2590,2565,2584
2565,2590,2576
2760,2732,2741
2732,2760,2754
2695,2700,2696
2679,2673,2682
2673,2664,2682
2664,2673,2665
2634,2623,2651
2664,2634,2651
2634,2642,2635
2652,2634,2664
2623,2634,2606
2634,2616,2606
2628,2634,2635
2634,2628,2616
2678,2664,2651
2672,2678,2651
2664,2678,2682
2678,2699,2682
2678,2672,2705
2699,2678,2705
2747,2764,2772
2752,2747,2772
2747,2739,2764
2747,2718,2739
2718,2747,2719
2747,2752,2719
1055,1129,1056
1054,1053,1129
1055,1054,1129
1864,1921,1847
1904,1921,1864
1905,1921,1971
1971,1921,1985
1921,1946,1985
1946,1921,1904
1865,1808,1847
1921,1865,1847
1865,1921,1905
1808,1865,1820
1865,1872,1820
1865,1905,1872
1627,1670,1699
1610,1670,1627
2116,2206,2222
2116,2240,2207
1862,1819,1880
1927,1862,1880
1785,1862,1844
1862,1785,1819
2077,2149,2150
2149,2077,2148
2062,2152,2153
2062,2077,2152
2077,2062,2037
2156,2062,2155
2078,2062,2156
2158,2078,2157
2078,2158,2159
2049,2050,1979
1838,1781,1799
1781,1838,1857
1771,1842,1804
1842,1771,1803
1608,1566,1607
1608,1609,1549
1566,1608,1549
1698,1652,1668
1652,1606,1668
1606,1652,1607
1521,1537,1581
1537,1521,1477
1564,1521,1581
1477,1521,1478
1478,1521,1522
1521,1564,1522
1537,1593,1580
1593,1520,1563
1520,1593,1537
1523,1449,1493
1493,1449,1448
1431,1449,1494
1449,1523,1494
1802,1782,1840
1841,1802,1840
1802,1841,1803
1741,1802,1803
1782,1802,1741
1709,1782,1741
1709,1698,1668
1698,1709,1741
1651,1709,1668
1758,1817,1740
1817,1801,1740
1870,1897,1858
1870,1941,1897
1383,1431,1389
1337,1383,1389
1283,1337,1297
1283,1297,1242
1226,1283,1242
1405,1390,1451
1366,1311,1338
1389,1404,1338
1404,1366,1338
1366,1404,1417
1481,1525,1526
1525,1451,1509
1525,1481,1451
1481,1433,1405
1367,1433,1434
1405,1433,1367
1541,1482,1526
1482,1481,1526
1482,1433,1481
1433,1482,1434
1482,1463,1434
1482,1527,1463
1482,1541,1527
1584,1628,1585
1584,1539,1594
1258,1212,1198
819,824,836
836,824,868
824,835,868
835,824,823
818,824,819
1133,1079,1078
1079,1133,1080
1027,1026,1080
1026,1025,1080
1133,1077,1132
1077,1133,1078
1077,1076,1132
1132,1073,1120
1074,1073,1132
1004,1032,1091
1032,980,1090
919,905,904
936,905,919
980,967,966
979,1003,1090
980,979,1090
867,881,920
867,920,882
852,867,882
867,852,851
867,866,881
1003,1002,1105
1002,1001,1105
1031,1000,999
1001,1000,1031
603,610,611
598,603,611
589,578,582
631,625,630
617,625,631
652,638,631
638,652,664
651,652,643
652,651,663
637,652,631
652,637,643
551,557,544
543,551,544
729,740,720
740,746,764
720,740,764
715,720,708
707,715,708
692,686,685
2190,2209,2270
2069,2110,2102
2110,2069,2119
2228,2110,2119
2110,2228,2242
2025,2054,2085
2054,2043,2102
2043,2054,2001
2054,2025,2001
578,570,577
561,570,578
224,214,223
208,224,202
224,208,214
224,242,233
224,233,202
249,263,233
263,249,257
242,249,233
991,990,1016
972,990,991
1040,991,1016
991,1040,1088
1040,1087,1088
949,948,962
2219,2196,2218
2196,2217,2218
1994,1966,1938
1966,1994,2007
1649,1724,1696
1721,1680,1736
1695,1721,1737
1602,1647,1578
1680,1647,1602
1647,1721,1695
1721,1647,1680
1559,1504,1578
1504,1559,1505
2249,2263,2264
2263,2249,2262
2274,2262,2273
2274,2275,2262
2250,2233,2124
2249,2250,2124
1142,1186,1123
1142,1159,1186
1159,1142,1097
1084,1142,1123
1142,1084,1097
1111,1096,1141
1111,1036,1096
1111,1159,1097
1011,985,924
958,1011,924
1036,1011,958
956,957,911
957,895,911
957,956,1035
1010,957,1035
957,958,895
957,1010,958
782,742,758
742,782,766
813,782,806
766,782,795
782,813,795
781,782,758
806,782,781
1187,1169,1250
1187,1143,1169
738,748,727
748,738,773
727,748,743
748,749,743
749,748,762
762,748,768
675,683,656
676,683,705
683,713,705
683,696,713
683,675,696
621,622,601
647,622,621
622,647,628
622,608,601
608,622,628
725,735,760
735,771,760
771,735,759
735,724,759
689,661,688
723,689,688
674,690,667
667,690,682
704,690,712
690,704,682
299,313,319
283,299,319
299,288,313
228,268,246
268,283,246
268,299,283
299,268,288
145,172,146
179,172,145
172,155,146
180,204,181
204,180,211
227,204,211
204,205,181
204,227,205
370,391,371
348,370,371
391,370,390
370,348,354
384,367,396
367,366,396
367,384,360
366,367,346
203,217,235
193,217,203
217,244,235
217,216,244
217,193,216
237,267,254
267,277,254
277,267,298
267,276,298
220,253,237
253,267,237
267,253,276
253,219,245
219,253,220
253,245,275
276,253,275
397,403,430
403,436,430
403,410,436
403,397,378
384,403,378
410,403,384
292,285,291
281,292,286
285,292,281
316,332,324
309,316,324
332,316,323
337,345,353
324,337,353
332,337,324
1884,1908,1947
1930,1884,1947
1884,1930,1873
1850,1884,1873
1908,1884,1850
1614,1571,1588
1674,1716,1746
1673,1716,1674
1716,1774,1746
1716,1673,1715
1716,1715,1788
1774,1716,1788
1570,1528,1510
1528,1570,1588
1569,1527,1568
1612,1569,1568
1630,1569,1612
1587,1569,1630
2377,2386,2363
2347,2377,2363
2293,2268,2224
2268,2293,2302
2268,2187,2224
2109,2225,2208
2225,2109,2187
2225,2255,2208
2225,2278,2255
2268,2225,2187
2225,2268,2278
1970,1983,2041
1983,1970,1944
1983,2023,2041
1902,1901,1944
1862,1901,1844
1901,1862,1927
1846,1807,1787
1863,1846,1787
1846,1863,1920
1807,1846,1828
1919,1863,1902
1863,1919,1920
1920,1919,1958
1919,1970,1958
1970,1919,1944
1919,1902,1944
2068,2042,2013
2084,2042,2101
2042,2068,2101
2013,1984,1958
1984,1945,1958
2042,1984,2013
1984,2042,2014
1946,1984,2014
1984,1946,1945
1901,1957,1944
1957,1901,1927
1957,1983,1944
1983,1957,2023
2023,2066,2067
2066,2109,2067
2100,2066,2052
2066,2100,2187
2109,2066,2187
1773,1745,1807
1807,1745,1787
1745,1728,1787
1728,1745,1686
1745,1773,1715
1673,1640,1715
1640,1614,1588
1614,1640,1673
2979,2980,2909
2980,2981,2909
2978,2908,2977
2978,2909,2908
2978,2979,2909
2982,2983,2909
2981,2982,2909
2984,2985,2910
2179,2079,2178
2178,2079,2177
2079,2176,2177
2079,2064,2176
1943,1898,1942
1998,1943,1942
2064,2010,2063
2010,1998,2063
2010,1943,1998
1899,1916,1969
1899,1860,1827
1859,1899,1827
1916,1899,1859
2267,2276,2277
2240,2254,2207
2254,2267,2207
2254,2266,2267
2266,2254,2265
2293,2301,2302
2117,2226,2118
2083,2117,2118
2068,2083,2118
2067,2083,2041
2117,2083,2067
2083,2013,2041
2083,2068,2013
2644,2647,2653
2667,2644,2653
2647,2644,2643
2644,2636,2643
2603,2582,2575
2582,2603,2621
2452,2441,2434
2452,2472,2459
2441,2452,2459
2341,2348,2317
2348,2328,2317
2328,2348,2368
2348,2378,2368
2378,2348,2341
2413,2414,2379
2398,2413,2379
2414,2413,2434
2369,2370,2342
2370,2369,2392
2328,2369,2342
2369,2328,2368
2406,2369,2368
2369,2406,2392
2425,2397,2391
2397,2378,2391
2378,2397,2368
2397,2406,2368
2412,2398,2392
2406,2412,2392
2510,2484,2492
2458,2484,2477
2484,2464,2492
2464,2484,2458
1990,1935,1977
1935,1925,1977
1855,1890,1912
1650,1649,1696
1579,1650,1592
1650,1579,1649
1624,1563,1592
1624,1650,1666
1650,1624,1592
1624,1593,1563
1800,1781,1857
1781,1739,1738
1738,1739,1697
1739,1800,1758
1800,1739,1781
1739,1682,1697
1739,1758,1682
1579,1604,1649
1517,1516,1561
1516,1517,1473
1517,1474,1473
2160,2096,2159
2096,2078,2159
2096,2160,2161
2096,2049,2078
2534,2550,2529
2561,2550,2553
2554,2550,2581
2550,2569,2581
2550,2561,2569
2602,2589,2595
2098,2169,2170
2168,2169,2098
2550,2549,2553
2171,2172,2063
2170,2171,2063
2173,2064,2063
2064,2173,2174
2172,2173,2063
2462,2469,2463
2520,2528,2529
2503,2520,2529
2520,2503,2516
2496,2502,2503
2482,2476,2481
2463,2482,2483
2476,2482,2469
2469,2482,2463
2535,2504,2529
2504,2535,2521
2521,2535,2543
2535,2562,2543
2562,2535,2554
2305,2279,2327
2279,2304,2327
2279,2255,2304
2279,2226,2255
2405,2411,2432
2411,2405,2386
2387,2419,2391
2387,2405,2419
2364,2387,2391
2355,2387,2364
2405,2387,2386
2387,2355,2363
2386,2387,2363
2464,2470,2491
2491,2470,2483
2470,2463,2483
2530,2521,2543
2521,2530,2510
2721,2740,2741
2740,2721,2705
2721,2699,2705
2683,2679,2682
2695,2683,2682
2710,2695,2682
2699,2710,2682
2721,2710,2699
2658,2664,2665
2658,2652,2664
2634,2646,2642
2646,2634,2652
1669,1610,1609
1669,1670,1610
1860,1818,1827
1818,1742,1827
1956,1927,1880
2051,2100,2052
1786,1785,1844
1845,1786,1844
1806,1786,1845
1786,1806,1727
2154,2062,2153
2062,2154,2155
1953,1997,1979
1997,2049,1979
2097,2098,2050
2049,2097,2050
2096,2097,2049
2061,2077,2037
2145,2061,2144
2146,2061,2145
2077,2061,2147
2061,2146,2147
2008,1995,1939
1966,2008,1939
2008,1966,2007
1838,1896,1857
1760,1771,1804
1760,1742,1699
1760,1804,1827
1742,1760,1827
1759,1741,1803
1771,1759,1803
1667,1708,1740
1683,1667,1740
1667,1682,1708
1667,1625,1682
1625,1667,1626
1593,1625,1580
1564,1605,1582
1605,1651,1582
1626,1605,1581
1605,1564,1581
1605,1683,1651
1915,1871,1914
1871,1817,1858
1817,1871,1801
1801,1725,1740
1725,1683,1740
1725,1801,1782
1709,1725,1782
1683,1725,1651
1725,1709,1651
1403,1382,1448
1449,1403,1448
1403,1449,1431
1383,1403,1431
1324,1383,1337
1283,1324,1337
1225,1283,1226
1225,1226,1167
1212,1225,1167
1390,1432,1451
1496,1432,1417
1432,1366,1417
1366,1432,1390
1351,1390,1339
1351,1366,1390
1311,1351,1339
1366,1351,1311
1404,1480,1417
1480,1496,1417
1539,1480,1495
1496,1540,1509
1567,1541,1526
1567,1611,1541
1525,1567,1526
1655,1611,1672
1655,1727,1656
1655,1672,1727
1684,1628,1638
1684,1700,1628
1258,1241,1296
1241,1282,1296
1241,1198,1197
1241,1258,1198
1211,1241,1197
1282,1241,1211
1310,1296,1350
1310,1258,1296
1382,1310,1350
1120,1072,1071
1073,1072,1120
1032,1106,1091
1106,1167,1091
1106,1153,1167
1106,1090,1153
1106,1032,1090
893,892,905
881,893,936
893,905,936
952,1032,1004
1032,968,980
968,967,980
952,968,1032
968,952,951
968,951,950
978,977,1003
979,978,1003
893,880,879
880,893,881
652,670,664
670,709,664
670,693,709
669,670,663
670,652,663
686,698,693
693,698,708
692,698,686
2189,2110,2242
2110,2189,2102
2111,2190,2085
2111,2209,2190
2111,2189,2209
2054,2111,2085
2111,2054,2102
2189,2111,2102
2257,2306,2307
2270,2257,2307
2209,2257,2270
2306,2257,2242
2257,2189,2242
2189,2257,2209
232,241,242
224,232,242
948,947,962
947,1041,962
2126,2127,2074
2125,2126,2074
2132,2076,2131
2076,2132,2133
1994,2036,2007
2036,2076,2007
2134,2094,2133
2094,2076,2133
2094,2134,2135
2136,2094,2135
1756,1724,1770
1757,1756,1798
1724,1756,1696
1756,1707,1696
1707,1756,1757
1966,1894,1938
1894,1869,1836
1894,1966,1939
1869,1894,1939
1636,1622,1695
1622,1647,1695
1647,1622,1578
1622,1559,1578
1559,1622,1636
1560,1506,1505
1559,1560,1505
1560,1516,1506
1516,1560,1561
1560,1559,1636
1724,1706,1770
2290,2291,2273
2251,2252,2233
2250,2251,2233
2234,2115,2233
2234,2235,2115
2197,2073,2196
1188,1250,1251
1188,1187,1250
1232,1188,1251
1188,1232,1160
1143,1188,1160
1187,1188,1143
666,641,661
689,666,661
681,666,689
260,228,238
260,268,228
268,260,288
260,277,288
260,238,254
277,260,254
196,180,155
172,196,155
180,196,211
211,196,220
196,179,220
196,172,179
367,333,346
346,333,317
317,333,305
310,333,338
333,310,305
304,309,286
292,304,286
1632,1673,1674
1632,1614,1673
1632,1674,1615
1614,1632,1571
1632,1615,1552
1571,1632,1552
1497,1542,1483
1542,1510,1483
1542,1570,1510
1570,1542,1587
1542,1569,1587
1542,1497,1527
1569,1542,1527
2340,2347,2304
2278,2340,2304
2362,2340,2339
2362,2377,2347
2340,2362,2347
2268,2303,2278
2303,2340,2278
2340,2303,2339
1881,1903,1828
1846,1881,1828
1881,1846,1920
1881,1945,1903
1945,1881,1920
2000,1957,1927
1956,2000,1927
1957,2000,2023
2066,2000,2052
2000,2066,2023
1687,1631,1686
1745,1687,1686
1687,1745,1715
1640,1687,1715
1570,1613,1588
1613,1640,1588
1631,1613,1587
1613,1570,1587
1687,1613,1631
1613,1687,1640
2065,2183,2184
2183,2065,2182
2065,2181,2182
2065,2079,2181
2206,2221,2222
2220,2221,2206
2253,2254,2240
2116,2223,2240
2223,2116,2222
2180,2079,2179
2079,2180,2181
1980,2038,2011
2038,2065,2011
2065,2038,2079
1943,1877,1898
1877,1841,1840
1842,1879,1859
2010,1954,1943
2080,2185,2186
2205,2080,2186
2185,2080,2184
2080,2065,2184
2292,2293,2277
2227,2280,2241
2188,2227,2241
2118,2227,2101
2227,2188,2101
2648,2667,2668
2648,2644,2667
2648,2619,2644
2648,2654,2630
2654,2648,2675
2648,2668,2675
2636,2626,2629
2644,2626,2636
2626,2625,2629
2625,2626,2618
2626,2619,2602
2619,2626,2644
2562,2555,2543
2555,2562,2575
2555,2530,2543
2530,2555,2544
2584,2583,2604
2604,2583,2621
2583,2582,2621
2583,2584,2564
2413,2420,2434
2420,2413,2398
2412,2420,2398
2505,2493,2512
2493,2505,2472
1894,1868,1938
1868,1894,1836
1965,1891,1912
1935,1936,1889
1936,1890,1889
1936,1935,1990
1991,1936,1990
1834,1890,1855
1890,1834,1889
1834,1794,1814
1876,1834,1814
1889,1834,1876
1834,1795,1794
1795,1834,1855
1637,1666,1697
1637,1624,1666
1682,1637,1697
1624,1637,1593
1625,1637,1682
1637,1625,1593
1826,1817,1758
1800,1826,1758
1817,1826,1858
1826,1870,1858
1870,1826,1857
1826,1800,1857
1518,1579,1519
1517,1518,1474
1475,1518,1519
1474,1518,1445
1518,1475,1445
1562,1517,1561
1562,1518,1517
1562,1604,1579
1518,1562,1579
2574,2554,2581
2574,2562,2554
2542,2550,2534
2542,2549,2550
2457,2445,2449
2503,2509,2516
2502,2509,2503
2490,2496,2503
2411,2438,2432
2438,2445,2463
2438,2424,2445
2424,2438,2411
2511,2530,2544
2511,2484,2510
2530,2511,2510
2498,2517,2485
2512,2517,2536
2493,2517,2512
2517,2493,2485
2522,2517,2498
2695,2706,2700
2710,2706,2695
2722,2710,2732
2727,2722,2732
408,409,402
429,414,421
428,429,421
409,429,435
429,428,434
1608,1653,1609
1653,1669,1609
1653,1652,1698
1653,1608,1607
1652,1653,1607
1843,1861,1805
1819,1861,1880
2051,2099,2100
2099,2207,2224
2187,2099,2224
2100,2099,2187
1672,1744,1727
1744,1786,1727
1786,1744,1785
2062,1996,2037
2162,2096,2161
2009,2061,2037
2061,2009,1995
2048,2008,2007
2048,2094,2095
2076,2048,2007
2094,2048,2076
2060,2048,2095
2048,2060,2008
2060,2061,1995
2008,2060,1995
2142,2060,2141
2143,2060,2142
1896,1913,1857
1913,1870,1857
1870,1913,1941
1710,1698,1741
1759,1710,1741
1710,1653,1698
1653,1710,1669
1839,1915,1898
1839,1871,1915
1871,1839,1801
1839,1877,1840
1877,1839,1898
1782,1839,1840
1801,1839,1782
1258,1267,1212
1267,1225,1212
1310,1267,1258
1267,1324,1283
1225,1267,1283
1480,1450,1495
1450,1480,1404
1450,1404,1389
1431,1450,1389
1495,1450,1494
1450,1431,1494
1480,1524,1496
1540,1524,1585
1524,1540,1496
1524,1480,1539
1524,1584,1585
1584,1524,1539
1540,1586,1509
1586,1525,1509
1586,1567,1525
1586,1540,1585
1655,1595,1611
1541,1595,1568
1611,1595,1541
1595,1655,1656
1595,1612,1568
1612,1595,1656
1861,1784,1805
1784,1861,1819
1336,1310,1382
1336,1403,1383
1403,1336,1382
1324,1336,1383
1267,1336,1324
1336,1267,1310
935,918,917
935,952,1004
935,1004,919
918,935,919
2125,2201,2202
2036,2075,2076
2129,2075,2128
2075,2129,2130
1869,1816,1836
1756,1816,1798
1816,1756,1770
1816,1837,1798
1837,1816,1869
1895,1869,1939
1895,1837,1869
1837,1895,1838
1895,1896,1838
1623,1560,1636
1560,1623,1561
1665,1724,1649
1665,1706,1724
1604,1665,1649
1706,1755,1770
2215,2236,2237
2235,2215,2115
2236,2215,2235
1951,1965,1912
1951,1936,1991
1890,1951,1912
1936,1951,1890
2115,2059,2072
2196,2108,2217
2217,2108,2216
2073,2108,2196
2059,2108,2073
2108,2059,2115
2108,2215,2216
2215,2108,2115
702,681,689
724,702,723
702,689,723
735,702,724
681,703,674
703,725,712
703,690,674
690,703,712
702,703,681
703,735,725
703,702,735
655,666,681
655,681,674
641,655,635
666,655,641
655,674,646
655,627,635
627,655,646
2361,2362,2339
2362,2385,2377
2314,2315,2302
2315,2268,2302
2315,2303,2268
2203,2204,2186
2204,2205,2186
2223,2239,2240
2239,2223,2238
2020,2010,2064
2020,2038,1980
1954,2020,1980
2020,1954,2010
1878,1877,1943
1954,1878,1943
1878,1954,1879
1877,1878,1841
1926,1954,1980
1954,1926,1879
1969,1926,1980
1916,1926,1969
1926,1916,1859
1879,1926,1859
2279,2256,2226
2226,2256,2118
2256,2227,2118
2256,2279,2305
2256,2305,2280
2227,2256,2280
2620,2648,2630
2648,2620,2619
2603,2620,2630
2555,2563,2544
2544,2563,2564
2563,2583,2564
2583,2563,2582
2493,2466,2485
2452,2466,2472
2466,2493,2472
2446,2425,2440
2458,2446,2440
2446,2458,2477
2451,2446,2477
2426,2397,2425
2397,2426,2406
2446,2426,2425
2426,2446,2451
2426,2412,2406
2471,2498,2485
2471,2451,2477
1868,1893,1938
1893,1952,1938
1993,2036,1994
1993,1994,1938
1952,1993,1938
1937,1891,1965
1893,1937,1952
1824,1891,1856
1721,1780,1737
2596,2574,2581
2620,2596,2619
2562,2597,2575
2574,2597,2562
2596,2597,2574
2597,2603,2575
2597,2620,2603
2597,2596,2620
2438,2450,2432
2450,2439,2432
2470,2450,2463
2450,2438,2463
2450,2464,2439
2450,2470,2464
2484,2497,2477
2511,2497,2484
2497,2471,2477
2471,2497,2498
2497,2522,2498
2545,2556,2536
2517,2545,2536
2522,2545,2517
2556,2545,2576
2545,2565,2576
2733,2727,2732
2742,2733,2732
2748,2732,2754
2748,2742,2732
2711,2706,2710
2722,2711,2710
452,445,451
458,452,451
429,452,435
465,452,458
1744,1713,1785
1713,1744,1672
2019,1996,2062
2019,2062,2078
2049,2019,2078
1997,2019,2049
2098,2166,2167
2009,1940,1995
1895,1940,1896
1995,1940,1939
1940,1895,1939
1996,1967,2037
1967,2009,2037
1967,1996,1941
1913,1967,1941
1967,1940,2009
1967,1913,1896
1940,1967,1896
1711,1759,1771
1711,1710,1759
1710,1711,1669
1669,1711,1670
1760,1711,1771
1670,1711,1699
1711,1760,1699
1567,1639,1611
1586,1639,1567
1611,1639,1672
1639,1713,1672
1772,1712,1742
1818,1772,1742
1712,1743,1684
1684,1743,1700
1772,1743,1712
1743,1726,1700
1743,1784,1726
1784,1743,1805
952,934,933
935,934,952
1664,1623,1636
1623,1664,1681
1664,1722,1681
1664,1636,1695
1722,1664,1695
1706,1648,1681
1665,1648,1706
1648,1623,1681
1815,1868,1836
1723,1706,1681
1723,1755,1706
1722,1723,1681
1951,2006,1965
2006,1951,1991
2033,2032,2072
2059,2033,2072
2032,2033,1990
2033,1991,1990
2033,2006,1991
2006,2033,2059
2034,2093,2074
2093,2034,2073
2093,2125,2074
2199,2093,2198
2093,2197,2198
2093,2073,2197
2346,2361,2339
2404,2424,2411
2385,2404,2377
2377,2404,2386
2404,2411,2386
2303,2326,2338
2315,2326,2303
2326,2337,2338
1899,1900,1860
1999,1969,2011
2116,2081,2206
2447,2466,2452
2447,2452,2434
2420,2447,2434
2426,2433,2412
2433,2426,2451
2433,2420,2412
2433,2447,2420
2035,2034,2074
1993,2035,2036
2075,2035,2074
2035,2075,2036
1978,1937,1965
1891,1892,1856
1937,1892,1891
1892,1893,1856
1892,1937,1893
1768,1695,1737
1768,1722,1695
1780,1768,1737
1768,1780,1824
1780,1835,1824
1824,1835,1891
1835,1855,1912
1891,1835,1912
2396,2385,2390
2384,2389,2390
2423,2431,2424
2404,2410,2424
2410,2403,2409
2410,2404,2385
2410,2396,2403
2396,2410,2385
2531,2497,2511
2497,2531,2522
2531,2511,2544
2531,2544,2564
2565,2531,2564
2545,2531,2565
2531,2545,2522
1784,1761,1726
1713,1761,1785
1785,1761,1819
1761,1784,1819
1968,1997,1953
1968,2019,1997
2019,1968,1996
1996,1968,1941
1941,1968,1897
2164,2165,2097
2163,2164,2097
1639,1685,1713
1743,1783,1805
1783,1743,1772
1783,1843,1805
1783,1772,1818
1843,1783,1860
1783,1818,1860
1623,1603,1561
1648,1603,1623
1603,1562,1561
1562,1603,1604
1603,1665,1604
1603,1648,1665
1797,1815,1836
1797,1816,1770
1816,1797,1836
1755,1797,1770
1815,1797,1755
1815,1825,1868
1893,1825,1856
1825,1893,1868
2200,2201,2125
2200,2093,2199
2093,2200,2125
2361,2354,2360
2346,2354,2361
2325,2326,2315
1955,1900,1899
1955,1899,1969
1999,1955,1969
2082,2081,2116
2082,2116,2207
2099,2082,2207
1955,2021,1981
2021,1955,1999
1982,2012,1956
2012,2000,1956
2012,2051,2052
2000,2012,2052
1982,1917,1981
1917,1955,1981
1955,1917,1900
1917,1861,1843
1917,1843,1860
1900,1917,1860
2465,2471,2485
2466,2465,2485
2471,2465,2451
2465,2433,2451
2447,2465,2466
2433,2465,2447
1937,1992,1952
1978,1992,1937
1992,1993,1952
1992,1978,2034
2035,1992,2034
1992,2035,1993
2018,2059,2073
2018,2006,2059
2034,2018,2073
1978,2018,2034
2006,2018,1965
2018,1978,1965
2361,2376,2362
2367,2376,2361
2376,2385,2362
2385,2376,2390
2376,2384,2390
2376,2367,2375
2418,2423,2424
2410,2418,2424
1628,1654,1585
1700,1654,1628
1769,1825,1815
1769,1815,1755
1723,1769,1755
1769,1723,1722
2345,2346,2338
2022,1982,1981
2021,2022,1981
2082,2022,2081
2022,2021,2081
2081,2039,2080
2021,2039,2081
2039,2021,1999
2080,2039,2065
2065,2039,2011
2039,1999,2011
1917,1918,1861
1918,1956,1880
1861,1918,1880
1918,1982,1956
1918,1917,1982
1629,1586,1585
1654,1629,1585
1629,1639,1586
1629,1654,1685
1629,1685,1639
1796,1768,1824
1796,1824,1856
1825,1796,1856
1769,1796,1825
1768,1796,1722
1796,1769,1722
2022,2040,1982
2012,2040,2051
2040,2012,1982
2040,2022,2082
2040,2099,2051
2040,2082,2099
1589,1543,1572
1616,1589,1572
1150,1119,1057
1119,1058,1057
862,850,849
850,862,863
1486,1469,1500
1469,1512,1500
1692,1676,1644
1676,1633,1644
2908,2973,2974
2973,2908,2907
2997,2998,2917
2998,2919,2917
2864,2832,2843
2832,2864,2851
2873,2865,2898
2898,2865,2893
2322,2321,2335
2336,2322,2335
1195,1256,1209
1256,1195,1239
2578,2560,2559
2560,2578,2568
888,864,863
888,863,876
864,888,877
1867,1875,1911
1833,1867,1911
1361,1374,1400
1374,1361,1328
1545,1553,1512
1545,1512,1499
1408,1453,1468
1453,1408,1396
2776,2783,2751
2751,2783,2757
2783,2763,2757
2783,2790,2763
2948,2949,2893
2892,2948,2893
2715,2703,2725
2715,2725,2737
2551,2586,2577
2586,2551,2557
2586,2605,2577
2605,2586,2615
2577,2605,2570
2605,2598,2570
2921,2914,2916
2921,2916,2918
2921,2922,2914
2507,2518,2499
2487,2507,2499
2456,2474,2461
2474,2456,2455
1704,1720,1751
1720,1704,1703
576,596,581
596,576,559
1099,1038,1012
1038,1099,1112
89,106,90
90,106,98
187,163,177
203,187,177
1642,1689,1690
1689,1642,1641
2827,2813,2835
2813,2827,2805
2864,2872,2851
2872,2864,2885
2872,2905,2892
2905,2872,2885
2808,2823,2831
2823,2808,2801
2053,2024,2014
2014,2024,1985
752,777,753
777,752,776
869,837,868
837,836,868
838,811,846
811,820,846
562,554,583
583,554,572
571,599,579
599,604,579
1089,1041,1127
1041,1117,1127
1277,1261,1276
1261,1277,1236
1752,1753,1704
1704,1753,1705
2298,2323,2311
2322,2298,2310
2298,2322,2323
1157,1182,1229
1157,1229,1201
1183,1158,1110
1138,1183,1110
457,449,448
472,457,448
638,611,631
611,638,618
645,619,626
654,645,626
926,859,897
859,926,885
1015,1085,1039
1085,1015,987
1306,1362,1293
1293,1362,1348
1411,1362,1425
1425,1362,1376
1348,1362,1401
1362,1411,1401
2997,2915,2996
2915,2997,2917
182,157,181
181,157,156
1598,1590,1633
1590,1553,1633
1618,1658,1644
1597,1618,1644
1778,1766,1733
1811,1778,1733
1657,1701,1688
1688,1701,1729
2500,2519,2515
2519,2500,2532
2623,2587,2599
2587,2623,2606
1033,1136,1109
1136,1033,1092
802,778,777
778,802,803
2044,2103,2086
2044,2086,2026
33,122,103
34,33,103
122,31,121
31,30,121
58,105,59
105,58,124
1102,1089,1127
1147,1102,1127
1287,1274,1232
1287,1232,1251
1305,1347,1277
1347,1305,1318
289,279,301
279,289,269
69,68,125
126,69,125
174,166,173
173,166,148
1988,1987,2029
2003,1988,2029
2655,2632,2631
2632,2655,2656
2740,2760,2741
2760,2740,2759
2627,2622,2598
2598,2622,2593
2717,2718,2691
2718,2692,2691
2718,2693,2692
2693,2718,2719
395,409,388
388,409,377
1582,1606,1538
1538,1606,1565
1452,1497,1435
1435,1497,1483
2231,2193,2245
2193,2231,2212
2,101,3
101,2,97
1084,970,985
970,1084,1037
636,629,615
648,636,615
713,738,705
738,727,705
704,712,736
726,704,736
799,792,816
792,773,816
1360,1347,1346
1347,1360,1386
247,255,229
247,229,221
227,211,237
227,237,254
366,346,353
377,366,353
243,250,272
264,243,272
1930,1986,2002
1986,1930,1947
2654,2675,2686
2669,2654,2686
1799,1781,1757
1781,1738,1757
1520,1536,1563
1536,1520,1490
2590,2584,2604
2590,2604,2609
1390,1405,1352
1339,1390,1352
1628,1584,1638
1638,1584,1594
589,598,611
578,589,611
1159,1111,1185
1185,1111,1141
1011,1084,985
1084,1011,1097
1011,1111,1097
1111,1011,1036
774,748,773
748,774,768
656,683,648
683,676,648
379,370,354
370,379,390
1901,1902,1845
1901,1845,1844
2042,2053,2014
2042,2084,2053
2984,2887,2909
2887,2984,2910
2983,2984,2909
2226,2117,2208
2255,2226,2208
1935,1889,1876
1925,1935,1876
1666,1650,1707
1707,1650,1696
2589,2602,2581
2589,2581,2580
2535,2550,2554
2550,2535,2529
2710,2721,2741
2732,2710,2741
1625,1626,1581
1580,1625,1581
1667,1605,1626
1605,1667,1683
1897,1871,1858
1871,1897,1914
1432,1496,1509
1451,1432,1509
670,669,678
693,670,678
1041,947,993
947,946,993
2094,2136,2137
2094,2137,2095
333,367,360
333,360,338
2626,2608,2618
2608,2626,2602
1795,1736,1754
1794,1795,1754
2457,2462,2463
2445,2457,2463
2482,2490,2483
2490,2503,2483
429,408,414
408,429,409
2140,2060,2095
2060,2140,2141
2061,2060,2144
2060,2143,2144
1742,1712,1699
1712,1671,1699
1671,1712,1638
1712,1684,1638
2075,2127,2128
2127,2075,2074
2076,2075,2131
2075,2130,2131
1837,1838,1799
1837,1799,1798
2038,2020,2079
2079,2020,2064
1878,1879,1842
1878,1842,1841
2563,2555,2575
2582,2563,2575
1795,1780,1736
1780,1721,1736
2602,2596,2581
2619,2596,2602
452,429,434
445,452,434
435,452,459
459,452,475
452,465,474
452,474,475
2097,2166,2098
2165,2166,2097
2162,2163,2096
2163,2097,2096
2346,2303,2338
2303,2346,2339
2081,2080,2205
2081,2205,2206
1835,1780,1795
1835,1795,1855
2424,2431,2445
2445,2431,2437
1897,1968,1914
1968,1953,1914
1685,1761,1713
1761,1685,1726
1685,1654,1726
1726,1654,1700
